Train_ID,Timestamp,Motor_Temperature_C,Motor_Current_A,Brake_Pressure_Bar,HVAC_Power_kW,Door_Cycles,Vibration_Level,Oil_Temperature_C,Battery_Voltage_V,Compressor_Status,GPS_Speed_kmh,Health_Score
CR101,2025-09-19 15:59:19,60.4,149.7,4.66,10.7,280,2.17,67.2,72.7,Normal,43,0.842
CR101,2025-09-19 14:59:19,49.0,203.5,6.03,17.4,270,1.96,48.0,73.0,Normal,1,0.974
CR101,2025-09-19 13:59:19,73.7,210.4,5.77,20.8,309,2.27,73.2,77.7,Normal,69,0.94
CR101,2025-09-19 12:59:19,43.7,179.8,4.75,16.3,296,1.59,80.6,73.8,Normal,4,0.814
CR101,2025-09-19 11:59:19,61.8,227.1,5.52,11.1,298,1.24,58.3,75.8,Normal,50,0.874
CR101,2025-09-19 10:59:19,42.4,213.4,5.57,21.0,235,1.46,71.6,72.8,High_Load,42,0.774
CR101,2025-09-19 09:59:19,72.4,189.4,5.6,22.4,224,1.24,97.0,77.1,High_Load,5,0.823
CR101,2025-09-19 08:59:19,82.5,210.0,5.98,21.6,211,2.48,96.9,73.2,Maintenance_Alert,78,0.796
CR101,2025-09-19 07:59:19,70.8,223.9,5.07,20.8,187,2.25,92.9,75.7,Maintenance_Alert,43,0.799
CR101,2025-09-19 06:59:19,63.2,216.6,5.34,14.4,196,1.43,66.0,72.6,High_Load,42,0.845
CR101,2025-09-19 05:59:19,42.0,190.8,5.52,11.5,304,0.93,48.2,73.7,Maintenance_Alert,73,0.91
CR101,2025-09-19 04:59:19,41.9,190.3,5.65,18.9,220,2.24,47.1,77.3,Maintenance_Alert,62,0.914
CR101,2025-09-19 03:59:19,60.9,231.0,6.12,13.4,226,0.99,55.7,73.9,Maintenance_Alert,63,0.854
CR101,2025-09-19 02:59:19,54.8,214.2,4.75,23.0,233,1.97,42.7,75.8,Normal,77,0.835
CR101,2025-09-19 01:59:19,58.0,176.1,5.31,8.5,202,2.32,62.3,77.2,Maintenance_Alert,67,0.863
CR101,2025-09-19 00:59:19,52.1,179.9,4.58,18.1,297,2.32,92.2,77.0,Normal,71,0.852
CR101,2025-09-18 23:59:19,50.2,157.2,5.1,21.5,198,1.35,74.4,75.5,Normal,31,0.814
CR101,2025-09-18 22:59:19,68.6,209.9,5.9,14.0,300,1.19,52.8,76.0,Normal,77,0.834
CR101,2025-09-18 21:59:19,57.7,170.3,5.89,23.1,222,1.0,72.2,74.1,Normal,60,0.859
CR101,2025-09-18 20:59:19,57.0,168.4,6.02,11.5,253,1.56,50.3,73.0,High_Load,8,0.764
CR101,2025-09-18 19:59:19,80.1,217.7,4.59,9.7,295,1.45,70.4,77.1,Maintenance_Alert,51,0.955
CR101,2025-09-18 18:59:19,78.0,198.7,4.91,9.7,307,0.98,80.6,74.8,Maintenance_Alert,80,0.974
CR101,2025-09-18 17:59:19,50.7,212.3,4.93,15.6,295,2.19,71.4,74.6,Normal,20,0.799
CR101,2025-09-18 16:59:19,83.9,134.5,6.19,9.7,200,2.05,61.6,73.5,Normal,62,0.911
CR102,2025-09-19 15:59:19,75.5,166.5,4.64,16.8,274,1.09,78.6,77.1,Normal,24,0.852
CR102,2025-09-19 14:59:19,56.3,202.3,4.8,18.0,232,0.87,75.2,75.4,High_Load,18,0.93
CR102,2025-09-19 13:59:19,70.6,229.9,5.1,10.0,229,2.32,71.4,76.5,High_Load,9,0.751
CR102,2025-09-19 12:59:19,62.0,149.8,6.11,9.9,191,1.36,71.0,76.7,Normal,18,0.844
CR102,2025-09-19 11:59:19,58.5,196.7,5.97,12.1,221,2.3,82.7,72.7,Maintenance_Alert,48,0.885
CR102,2025-09-19 10:59:19,75.9,220.4,4.89,23.6,235,2.49,91.4,73.3,Maintenance_Alert,5,0.751
CR102,2025-09-19 09:59:19,54.0,227.7,4.88,10.1,184,1.15,60.2,74.3,Maintenance_Alert,64,0.855
CR102,2025-09-19 08:59:19,52.6,163.1,4.54,11.5,285,1.87,66.7,74.0,High_Load,62,0.897
CR102,2025-09-19 07:59:19,45.3,180.3,6.08,12.2,220,2.33,66.8,73.8,Normal,64,0.952
CR102,2025-09-19 06:59:19,46.1,201.1,6.06,24.2,187,2.39,76.1,76.0,High_Load,29,0.832
CR102,2025-09-19 05:59:19,38.9,167.4,5.98,11.7,229,1.11,62.9,75.4,Maintenance_Alert,1,0.774
CR102,2025-09-19 04:59:19,59.1,207.7,6.01,8.3,299,2.41,88.5,76.8,Maintenance_Alert,64,0.823
CR102,2025-09-19 03:59:19,75.7,225.0,5.17,22.6,260,1.95,72.9,72.2,High_Load,12,0.965
CR102,2025-09-19 02:59:19,71.0,155.7,5.91,12.0,185,0.99,53.7,74.1,Maintenance_Alert,64,0.874
CR102,2025-09-19 01:59:19,69.5,196.5,4.72,13.3,308,1.88,85.9,73.1,Normal,33,0.88
CR102,2025-09-19 00:59:19,40.1,229.7,5.13,8.1,216,1.11,58.4,73.5,Normal,2,0.79
CR102,2025-09-18 23:59:19,54.5,181.2,4.85,13.4,291,1.0,54.5,73.9,Normal,67,0.84
CR102,2025-09-18 22:59:19,65.7,162.8,4.92,18.2,267,1.78,85.1,72.7,Normal,29,0.911
CR102,2025-09-18 21:59:19,83.9,202.4,5.54,24.7,243,1.77,63.1,77.9,Maintenance_Alert,33,0.894
CR102,2025-09-18 20:59:19,62.4,244.9,5.59,22.4,182,1.62,58.3,77.2,Normal,18,0.875
CR102,2025-09-18 19:59:19,41.7,169.0,5.56,22.6,318,1.22,68.5,73.2,Normal,39,0.895
CR102,2025-09-18 18:59:19,41.3,237.4,5.11,12.7,293,1.71,70.2,73.2,Normal,60,0.764
CR102,2025-09-18 17:59:19,63.9,192.6,5.2,19.9,195,1.97,61.0,74.9,Maintenance_Alert,22,0.851
CR102,2025-09-18 16:59:19,47.8,182.6,5.78,16.2,298,0.83,68.0,77.5,Maintenance_Alert,23,0.794
CR103,2025-09-19 15:59:19,45.8,230.4,5.99,17.2,213,1.95,67.5,73.8,High_Load,41,0.858
CR103,2025-09-19 14:59:19,65.2,141.0,5.87,20.7,320,2.18,94.8,73.5,Maintenance_Alert,58,0.84
CR103,2025-09-19 13:59:19,69.0,147.8,6.2,17.2,297,0.83,84.5,73.0,Normal,32,0.834
CR103,2025-09-19 12:59:19,67.7,203.6,4.87,15.1,216,1.05,63.7,74.4,Maintenance_Alert,45,0.963
CR103,2025-09-19 11:59:19,64.9,193.5,5.01,21.2,284,1.43,77.5,75.5,Maintenance_Alert,24,0.921
CR103,2025-09-19 10:59:19,72.8,206.9,6.18,20.2,186,2.37,59.4,75.0,Maintenance_Alert,76,0.831
CR103,2025-09-19 09:59:19,41.1,244.1,6.13,15.2,276,1.95,80.0,77.9,High_Load,50,0.771
CR103,2025-09-19 08:59:19,53.8,173.7,5.89,19.1,262,1.55,84.6,76.3,Maintenance_Alert,17,0.94
CR103,2025-09-19 07:59:19,45.4,202.4,4.54,13.8,187,2.3,62.6,75.3,Normal,57,0.806
CR103,2025-09-19 06:59:19,79.1,204.6,5.15,24.1,221,0.99,57.2,75.4,Maintenance_Alert,25,0.94
CR103,2025-09-19 05:59:19,39.3,206.8,4.82,20.8,230,2.41,46.5,76.8,Maintenance_Alert,8,0.881
CR103,2025-09-19 04:59:19,64.2,222.4,5.1,11.8,219,1.87,57.0,77.5,Maintenance_Alert,65,0.752
CR103,2025-09-19 03:59:19,71.0,193.0,4.62,11.4,318,1.13,51.1,73.6,Normal,62,0.962
CR103,2025-09-19 02:59:19,63.7,153.7,5.03,20.9,256,1.74,66.5,76.0,High_Load,69,0.82
CR103,2025-09-19 01:59:19,50.9,198.7,4.95,18.4,229,2.4,77.7,73.5,Maintenance_Alert,61,0.943
CR103,2025-09-19 00:59:19,70.7,162.7,6.09,19.1,237,1.03,91.3,72.6,Maintenance_Alert,78,0.909
CR103,2025-09-18 23:59:19,61.6,245.7,4.69,22.9,212,0.87,84.2,77.7,Normal,24,0.819
CR103,2025-09-18 22:59:19,77.9,198.2,6.16,22.9,271,1.26,58.9,73.5,Maintenance_Alert,40,0.861
CR103,2025-09-18 21:59:19,47.6,226.6,5.26,13.7,201,1.55,88.4,73.1,High_Load,48,0.832
CR103,2025-09-18 20:59:19,63.7,151.6,5.37,17.0,208,0.98,45.2,73.1,Maintenance_Alert,11,0.864
CR103,2025-09-18 19:59:19,56.6,176.8,5.66,12.6,216,1.99,73.4,76.5,High_Load,9,0.842
CR103,2025-09-18 18:59:19,61.4,195.0,5.29,12.6,231,2.31,53.2,75.8,Maintenance_Alert,59,0.777
CR103,2025-09-18 17:59:19,48.1,232.1,5.84,21.2,226,2.34,54.2,73.2,Maintenance_Alert,6,0.871
CR103,2025-09-18 16:59:19,71.1,218.1,6.19,12.9,306,1.17,61.4,76.3,Normal,73,0.759
CR104,2025-09-19 15:59:19,75.0,206.2,6.06,19.1,221,1.25,94.0,72.1,Maintenance_Alert,43,0.851
CR104,2025-09-19 14:59:19,63.2,224.1,6.14,20.8,197,1.26,58.2,72.8,High_Load,6,0.791
CR104,2025-09-19 13:59:19,64.3,212.0,5.63,21.2,207,2.21,89.4,72.8,Normal,0,0.888
CR104,2025-09-19 12:59:19,55.3,179.0,5.36,16.7,240,2.13,91.2,76.6,High_Load,2,0.849
CR104,2025-09-19 11:59:19,48.3,169.3,6.01,18.4,270,1.77,49.6,75.1,Maintenance_Alert,66,0.954
CR104,2025-09-19 10:59:19,73.1,177.1,6.16,15.8,181,2.03,82.0,74.2,High_Load,58,0.81
CR104,2025-09-19 09:59:19,63.0,221.1,5.09,13.1,316,0.9,88.0,72.2,Maintenance_Alert,14,0.838
CR104,2025-09-19 08:59:19,61.1,148.4,6.1,21.3,242,1.53,73.9,76.9,High_Load,78,0.846
CR104,2025-09-19 07:59:19,69.9,234.6,5.28,23.5,184,1.21,69.3,75.9,High_Load,41,0.835
CR104,2025-09-19 06:59:19,53.9,165.1,5.11,15.0,308,1.84,75.1,74.4,High_Load,23,0.877
CR104,2025-09-19 05:59:19,51.6,140.4,5.3,21.7,280,1.62,71.2,74.3,Normal,49,0.899
CR104,2025-09-19 04:59:19,53.0,237.4,6.14,18.2,187,1.21,69.2,75.8,High_Load,67,0.784
CR104,2025-09-19 03:59:19,64.7,155.8,4.51,18.0,266,2.0,68.8,75.1,Maintenance_Alert,10,0.943
CR104,2025-09-19 02:59:19,50.4,177.6,6.16,19.1,301,1.74,60.5,72.3,Normal,69,0.945
CR104,2025-09-19 01:59:19,64.5,216.9,5.34,8.8,271,1.74,72.1,77.9,High_Load,33,0.869
CR104,2025-09-19 00:59:19,73.5,155.0,5.87,18.6,297,2.01,70.7,75.0,Normal,6,0.822
CR104,2025-09-18 23:59:19,57.2,178.6,4.96,9.1,255,1.18,63.4,76.0,Normal,2,0.96
CR104,2025-09-18 22:59:19,42.8,160.2,4.61,18.9,258,1.63,72.4,76.9,Normal,15,0.755
CR104,2025-09-18 21:59:19,67.8,249.0,5.95,15.5,189,1.11,78.4,74.3,High_Load,26,0.845
CR104,2025-09-18 20:59:19,43.8,176.9,5.91,17.7,287,0.91,64.0,75.9,Normal,2,0.786
CR104,2025-09-18 19:59:19,44.1,172.7,4.87,16.5,233,0.8,63.8,77.0,Maintenance_Alert,63,0.75
CR104,2025-09-18 18:59:19,57.2,218.0,4.59,8.2,206,0.86,78.8,72.1,Normal,19,0.962
CR104,2025-09-18 17:59:19,72.0,239.8,5.58,10.6,299,2.43,57.8,76.1,High_Load,35,0.911
CR104,2025-09-18 16:59:19,46.2,217.8,5.57,22.7,192,1.83,47.9,72.4,Maintenance_Alert,52,0.792
CR105,2025-09-19 15:59:19,75.7,218.6,4.66,12.0,214,1.9,80.6,73.9,High_Load,80,0.949
CR105,2025-09-19 14:59:19,63.3,228.1,5.48,20.7,292,2.36,64.6,74.3,High_Load,67,0.79
CR105,2025-09-19 13:59:19,64.5,229.8,5.4,17.5,202,1.99,92.5,75.2,Normal,2,0.862
CR105,2025-09-19 12:59:19,37.2,231.7,4.84,17.1,296,2.09,67.5,75.9,High_Load,5,0.909
CR105,2025-09-19 11:59:19,70.7,187.8,5.57,16.9,296,1.98,76.7,72.7,Maintenance_Alert,52,0.887
CR105,2025-09-19 10:59:19,75.2,239.2,5.9,24.3,261,1.29,62.7,72.9,Normal,7,0.946
CR105,2025-09-19 09:59:19,69.1,164.2,4.55,23.1,319,1.01,65.7,73.2,Maintenance_Alert,43,0.832
CR105,2025-09-19 08:59:19,52.9,177.5,4.83,9.8,222,2.3,66.7,77.9,High_Load,3,0.82
CR105,2025-09-19 07:59:19,71.5,174.0,6.13,17.6,295,0.81,51.8,73.7,Normal,74,0.92
CR105,2025-09-19 06:59:19,54.0,142.8,5.29,17.2,280,1.49,68.1,77.4,High_Load,29,0.976
CR105,2025-09-19 05:59:19,61.4,163.1,5.49,9.8,253,1.1,80.0,77.4,High_Load,23,0.846
CR105,2025-09-19 04:59:19,42.9,160.7,5.44,20.5,208,0.95,55.3,73.0,High_Load,42,0.785
CR105,2025-09-19 03:59:19,61.3,178.5,4.59,23.2,302,1.89,63.0,75.2,Normal,44,0.936
CR105,2025-09-19 02:59:19,57.0,150.9,5.83,8.2,303,1.63,81.6,77.2,Maintenance_Alert,16,0.817
CR105,2025-09-19 01:59:19,74.5,230.9,5.98,19.3,273,1.45,84.2,77.3,Maintenance_Alert,56,0.843
CR105,2025-09-19 00:59:19,35.9,198.5,5.06,10.6,305,2.3,65.8,76.8,Normal,25,0.869
CR105,2025-09-18 23:59:19,57.0,148.9,6.14,13.3,218,1.92,83.7,77.0,Maintenance_Alert,46,0.764
CR105,2025-09-18 22:59:19,68.7,143.3,5.89,9.7,247,1.08,68.9,74.1,High_Load,77,0.89
CR105,2025-09-18 21:59:19,59.9,191.9,5.26,16.7,254,1.05,63.2,72.8,High_Load,60,0.921
CR105,2025-09-18 20:59:19,47.4,222.0,5.9,16.6,185,2.19,63.5,73.0,Maintenance_Alert,53,0.824
CR105,2025-09-18 19:59:19,44.2,215.4,4.8,20.2,275,1.76,53.0,76.9,Maintenance_Alert,28,0.874
CR105,2025-09-18 18:59:19,67.1,234.2,5.25,12.1,188,1.31,45.0,77.0,Normal,18,0.78
CR105,2025-09-18 17:59:19,60.4,160.2,5.38,9.7,314,1.96,56.9,76.7,Normal,7,0.759
CR105,2025-09-18 16:59:19,47.3,187.2,5.59,11.1,255,2.14,79.1,72.4,Normal,45,0.9
CR106,2025-09-19 15:59:19,56.2,241.6,4.98,15.2,249,2.35,69.4,72.4,Maintenance_Alert,66,0.768
CR106,2025-09-19 14:59:19,54.9,176.6,4.73,8.8,233,2.24,87.9,72.6,Normal,54,0.976
CR106,2025-09-19 13:59:19,59.9,147.3,5.8,21.5,261,0.81,68.1,77.3,Maintenance_Alert,8,0.937
CR106,2025-09-19 12:59:19,58.6,249.9,5.09,13.1,292,2.31,81.7,77.9,High_Load,36,0.939
CR106,2025-09-19 11:59:19,46.5,192.8,5.45,18.5,192,1.82,45.6,74.6,High_Load,25,0.795
CR106,2025-09-19 10:59:19,52.1,163.5,5.07,9.8,190,1.48,54.5,76.6,High_Load,68,0.844
CR106,2025-09-19 09:59:19,52.0,149.0,5.87,24.6,185,0.96,67.0,72.1,Normal,75,0.779
CR106,2025-09-19 08:59:19,77.7,222.8,4.99,8.0,228,0.91,75.6,74.8,Normal,64,0.967
CR106,2025-09-19 07:59:19,72.1,162.3,5.34,10.6,185,2.32,96.1,76.2,Normal,14,0.924
CR106,2025-09-19 06:59:19,68.6,242.9,5.54,12.8,271,1.5,73.7,72.6,Normal,15,0.862
CR106,2025-09-19 05:59:19,56.9,197.3,5.15,25.0,257,1.25,71.5,76.5,High_Load,63,0.807
CR106,2025-09-19 04:59:19,76.4,212.3,4.88,12.6,243,1.32,64.1,72.1,High_Load,1,0.888
CR106,2025-09-19 03:59:19,66.5,156.2,4.58,12.9,222,0.81,63.7,72.9,Maintenance_Alert,6,0.812
CR106,2025-09-19 02:59:19,66.7,179.3,5.26,9.0,298,2.38,66.8,76.1,High_Load,46,0.804
CR106,2025-09-19 01:59:19,59.4,166.5,5.16,12.9,239,1.87,78.0,74.2,High_Load,45,0.77
CR106,2025-09-19 00:59:19,52.9,176.2,5.73,13.0,291,0.91,76.3,74.2,Maintenance_Alert,23,0.831
CR106,2025-09-18 23:59:19,70.2,233.3,5.6,23.9,303,1.45,80.6,73.3,Maintenance_Alert,68,0.946
CR106,2025-09-18 22:59:19,73.1,188.6,5.88,22.1,248,1.54,57.3,77.5,High_Load,74,0.83
CR106,2025-09-18 21:59:19,44.1,158.0,5.58,8.6,265,1.12,55.0,76.8,Maintenance_Alert,10,0.78
CR106,2025-09-18 20:59:19,65.3,201.9,6.12,17.6,239,1.19,74.4,76.3,High_Load,5,0.828
CR106,2025-09-18 19:59:19,65.0,179.2,4.61,22.8,275,1.02,61.5,72.0,Normal,10,0.771
CR106,2025-09-18 18:59:19,55.4,237.4,6.11,11.5,289,1.24,77.1,72.7,Normal,43,0.855
CR106,2025-09-18 17:59:19,43.0,190.1,5.18,24.9,244,0.9,48.9,77.1,Maintenance_Alert,47,0.841
CR106,2025-09-18 16:59:19,66.1,204.3,5.46,17.5,311,2.47,72.6,72.1,Maintenance_Alert,52,0.752
CR107,2025-09-19 15:59:19,52.7,165.6,4.89,8.7,195,2.3,65.4,73.1,Maintenance_Alert,32,0.966
CR107,2025-09-19 14:59:19,82.5,202.1,5.2,15.2,237,2.17,96.4,73.1,High_Load,6,0.901
CR107,2025-09-19 13:59:19,67.8,192.6,4.97,14.9,293,1.12,94.8,72.3,Normal,48,0.856
CR107,2025-09-19 12:59:19,65.2,195.1,4.82,11.5,264,2.36,53.6,75.4,Normal,71,0.944
CR107,2025-09-19 11:59:19,61.5,139.2,4.55,17.0,199,1.34,80.9,73.9,Maintenance_Alert,67,0.786
CR107,2025-09-19 10:59:19,79.8,186.4,5.27,21.6,296,2.21,92.9,77.8,Maintenance_Alert,56,0.932
CR107,2025-09-19 09:59:19,41.6,207.5,4.94,15.9,206,2.12,55.1,75.4,High_Load,24,0.828
CR107,2025-09-19 08:59:19,62.9,218.8,5.07,14.7,300,1.26,75.7,76.4,Maintenance_Alert,42,0.819
CR107,2025-09-19 07:59:19,52.3,145.4,5.36,17.9,183,1.2,85.6,74.6,Maintenance_Alert,61,0.919
CR107,2025-09-19 06:59:19,54.3,246.3,5.06,14.0,211,1.23,95.3,75.8,High_Load,8,0.864
CR107,2025-09-19 05:59:19,63.9,202.6,5.96,22.6,226,2.48,92.8,73.6,Maintenance_Alert,57,0.819
CR107,2025-09-19 04:59:19,55.5,203.1,5.81,16.0,236,2.43,82.9,72.6,Maintenance_Alert,35,0.831
CR107,2025-09-19 03:59:19,56.5,191.4,6.15,8.1,258,2.22,57.8,75.5,High_Load,8,0.775
CR107,2025-09-19 02:59:19,55.1,155.0,4.88,22.6,271,1.04,50.0,77.9,High_Load,80,0.886
CR107,2025-09-19 01:59:19,57.9,159.2,4.61,10.1,270,1.62,72.8,77.7,High_Load,53,0.871
CR107,2025-09-19 00:59:19,80.8,235.0,5.9,18.5,193,1.38,93.5,74.4,Normal,59,0.778
CR107,2025-09-18 23:59:19,69.6,237.7,5.67,21.7,230,2.43,78.3,72.0,Normal,41,0.979
CR107,2025-09-18 22:59:19,53.2,164.3,4.78,10.4,243,1.61,53.4,76.2,Maintenance_Alert,38,0.893
CR107,2025-09-18 21:59:19,59.3,201.7,4.56,16.9,224,1.67,56.2,76.5,Maintenance_Alert,69,0.87
CR107,2025-09-18 20:59:19,53.6,187.5,4.82,19.5,225,1.16,84.9,73.7,Maintenance_Alert,25,0.761
CR107,2025-09-18 19:59:19,53.2,204.9,4.67,13.9,235,1.73,72.7,75.0,High_Load,45,0.777
CR107,2025-09-18 18:59:19,62.6,229.0,4.92,10.9,286,1.13,93.4,76.1,Normal,55,0.865
CR107,2025-09-18 17:59:19,83.2,211.8,5.75,17.0,230,1.48,90.2,75.0,High_Load,33,0.777
CR107,2025-09-18 16:59:19,50.0,204.7,4.95,11.8,190,0.95,76.5,77.1,High_Load,37,0.796
CR108,2025-09-19 15:59:19,77.7,223.4,5.23,11.1,302,2.13,78.1,73.4,Normal,20,0.784
CR108,2025-09-19 14:59:19,66.2,223.6,5.74,8.1,219,1.72,68.7,75.7,Maintenance_Alert,30,0.773
CR108,2025-09-19 13:59:19,71.2,187.0,5.38,22.0,204,1.57,50.1,77.7,High_Load,8,0.951
CR108,2025-09-19 12:59:19,48.1,134.4,4.81,18.1,284,1.42,58.5,75.5,Maintenance_Alert,32,0.762
CR108,2025-09-19 11:59:19,65.0,177.6,5.2,15.0,231,1.09,78.2,74.9,High_Load,38,0.917
CR108,2025-09-19 10:59:19,71.9,205.1,5.71,17.8,263,1.58,83.4,74.8,Maintenance_Alert,56,0.899
CR108,2025-09-19 09:59:19,78.2,227.9,5.38,18.8,185,2.46,81.7,74.5,Maintenance_Alert,36,0.791
CR108,2025-09-19 08:59:19,70.3,167.3,5.45,8.2,262,1.89,59.3,74.6,High_Load,49,0.976
CR108,2025-09-19 07:59:19,67.5,196.7,5.97,18.1,207,2.05,67.4,75.6,Maintenance_Alert,0,0.909
CR108,2025-09-19 06:59:19,74.1,170.3,4.71,20.4,294,1.33,80.3,76.8,Maintenance_Alert,18,0.929
CR108,2025-09-19 05:59:19,57.7,177.1,5.65,22.7,210,1.16,63.3,76.8,Normal,33,0.974
CR108,2025-09-19 04:59:19,35.3,194.5,5.2,11.8,227,2.22,75.2,77.9,High_Load,22,0.882
CR108,2025-09-19 03:59:19,48.6,186.6,5.49,22.1,237,1.8,61.0,76.3,High_Load,57,0.97
CR108,2025-09-19 02:59:19,69.0,182.3,5.14,11.6,183,2.27,72.4,76.7,Normal,69,0.851
CR108,2025-09-19 01:59:19,56.0,175.8,5.64,18.2,229,1.03,80.4,72.4,Normal,34,0.879
CR108,2025-09-19 00:59:19,52.1,197.4,5.5,20.2,286,2.0,58.3,78.0,Normal,72,0.843
CR108,2025-09-18 23:59:19,42.7,209.1,5.26,19.9,186,1.21,53.3,72.7,Maintenance_Alert,40,0.819
CR108,2025-09-18 22:59:19,63.4,205.0,5.16,22.2,312,1.86,68.3,74.0,High_Load,52,0.796
CR108,2025-09-18 21:59:19,53.0,154.6,6.06,23.9,273,1.19,74.0,73.0,High_Load,61,0.87
CR108,2025-09-18 20:59:19,68.1,208.1,5.64,18.4,197,1.15,65.0,73.4,Maintenance_Alert,13,0.814
CR108,2025-09-18 19:59:19,79.4,223.8,4.6,11.9,295,2.34,83.3,77.8,Normal,39,0.928
CR108,2025-09-18 18:59:19,83.6,178.5,4.91,23.2,271,1.19,86.6,77.7,Normal,34,0.782
CR108,2025-09-18 17:59:19,65.6,191.5,4.66,15.6,184,1.47,73.5,76.5,High_Load,53,0.805
CR108,2025-09-18 16:59:19,72.7,213.2,4.55,21.2,246,2.33,77.8,74.5,Maintenance_Alert,5,0.819
CR109,2025-09-19 15:59:19,64.1,167.3,5.37,17.5,318,1.37,78.6,72.9,Maintenance_Alert,51,0.775
CR109,2025-09-19 14:59:19,52.4,241.5,4.94,16.8,274,0.99,91.2,76.1,High_Load,32,0.807
CR109,2025-09-19 13:59:19,73.8,206.1,5.94,19.8,184,2.04,64.4,76.8,Normal,77,0.905
CR109,2025-09-19 12:59:19,47.9,217.1,6.1,11.8,202,1.19,57.8,76.2,Normal,62,0.779
CR109,2025-09-19 11:59:19,54.3,211.5,6.12,8.4,232,1.11,50.5,76.5,Normal,4,0.843
CR109,2025-09-19 10:59:19,56.7,206.9,5.27,21.2,256,1.72,80.4,72.3,High_Load,24,0.877
CR109,2025-09-19 09:59:19,57.0,192.9,4.86,24.2,212,2.41,46.1,76.4,High_Load,31,0.921
CR109,2025-09-19 08:59:19,66.0,213.8,5.57,16.3,256,0.9,76.8,77.0,Normal,77,0.969
CR109,2025-09-19 07:59:19,52.1,203.9,5.62,17.7,267,1.49,72.6,73.8,High_Load,35,0.875
CR109,2025-09-19 06:59:19,46.8,232.1,5.01,12.6,315,1.55,48.2,77.8,Normal,43,0.82
CR109,2025-09-19 05:59:19,73.2,205.4,5.25,12.5,284,1.18,57.4,77.1,High_Load,56,0.813
CR109,2025-09-19 04:59:19,74.7,200.8,4.97,11.5,200,1.59,55.0,74.1,Normal,15,0.805
CR109,2025-09-19 03:59:19,73.0,165.4,5.2,16.6,267,2.12,74.2,74.7,High_Load,79,0.841
CR109,2025-09-19 02:59:19,51.4,214.0,4.95,9.0,294,2.44,62.2,75.4,Maintenance_Alert,65,0.912
CR109,2025-09-19 01:59:19,59.5,170.8,5.78,24.9,304,2.43,58.4,75.7,High_Load,42,0.892
CR109,2025-09-19 00:59:19,61.6,239.2,5.85,15.0,233,1.5,56.4,72.9,High_Load,55,0.931
CR109,2025-09-18 23:59:19,37.6,177.0,5.05,14.6,194,1.58,60.3,76.0,High_Load,46,0.776
CR109,2025-09-18 22:59:19,70.6,214.7,4.76,10.4,295,1.05,55.3,77.1,Maintenance_Alert,16,0.979
CR109,2025-09-18 21:59:19,68.9,204.9,4.96,22.8,227,1.34,51.9,73.0,Maintenance_Alert,10,0.942
CR109,2025-09-18 20:59:19,43.3,180.0,5.77,12.7,316,2.25,50.0,74.2,Maintenance_Alert,75,0.837
CR109,2025-09-18 19:59:19,62.2,231.3,4.99,23.3,270,2.08,52.4,73.7,Maintenance_Alert,40,0.768
CR109,2025-09-18 18:59:19,54.7,139.5,5.59,14.5,303,2.41,69.2,76.1,High_Load,35,0.775
CR109,2025-09-18 17:59:19,80.7,195.3,5.63,19.5,250,1.52,78.6,76.3,High_Load,53,0.895
CR109,2025-09-18 16:59:19,70.7,245.3,5.34,19.6,219,1.34,73.9,76.7,Maintenance_Alert,13,0.809
CR110,2025-09-19 15:59:19,60.1,194.1,5.69,22.3,267,1.23,92.2,77.2,Maintenance_Alert,31,0.957
CR110,2025-09-19 14:59:19,61.4,196.5,4.8,21.6,249,2.44,58.8,74.3,Normal,2,0.888
CR110,2025-09-19 13:59:19,50.8,226.9,5.2,19.2,269,1.15,52.3,74.0,Maintenance_Alert,46,0.796
CR110,2025-09-19 12:59:19,59.6,183.2,6.18,22.8,314,1.86,49.8,73.5,High_Load,27,0.834
CR110,2025-09-19 11:59:19,54.1,187.9,5.21,17.0,308,2.3,76.2,75.8,Maintenance_Alert,19,0.854
CR110,2025-09-19 10:59:19,48.7,200.4,5.67,10.0,314,1.12,46.9,76.6,Normal,72,0.767
CR110,2025-09-19 09:59:19,65.9,168.9,4.74,16.5,247,1.5,81.9,77.1,High_Load,32,0.856
CR110,2025-09-19 08:59:19,60.6,208.1,4.66,19.5,318,1.39,79.1,73.2,Maintenance_Alert,16,0.965
CR110,2025-09-19 07:59:19,69.8,187.0,4.71,24.5,185,2.46,70.2,74.9,Normal,70,0.979
CR110,2025-09-19 06:59:19,59.1,211.6,5.28,20.8,211,0.95,77.5,76.9,High_Load,20,0.943
CR110,2025-09-19 05:59:19,71.7,193.3,5.66,23.4,254,2.31,69.7,77.2,Normal,48,0.861
CR110,2025-09-19 04:59:19,66.6,196.9,5.22,11.0,280,1.47,61.5,73.6,Maintenance_Alert,73,0.933
CR110,2025-09-19 03:59:19,54.4,169.3,6.06,23.1,295,0.82,75.7,76.9,High_Load,4,0.885
CR110,2025-09-19 02:59:19,47.7,238.5,5.25,15.4,308,2.03,52.3,76.8,Maintenance_Alert,36,0.827
CR110,2025-09-19 01:59:19,50.0,204.6,5.4,16.6,200,1.17,77.6,74.8,Maintenance_Alert,42,0.849
CR110,2025-09-19 00:59:19,63.6,237.9,4.9,24.0,290,1.68,70.2,75.2,Maintenance_Alert,68,0.879
CR110,2025-09-18 23:59:19,62.8,192.0,5.52,18.2,309,2.25,53.2,74.5,High_Load,2,0.948
CR110,2025-09-18 22:59:19,55.2,177.4,6.01,15.7,233,1.47,70.6,72.1,Maintenance_Alert,48,0.972
CR110,2025-09-18 21:59:19,54.1,188.0,5.6,13.6,190,1.91,78.7,77.0,Normal,32,0.955
CR110,2025-09-18 20:59:19,68.5,221.7,4.55,11.7,269,1.81,70.0,74.7,High_Load,6,0.924
CR110,2025-09-18 19:59:19,57.9,218.9,5.69,9.4,319,1.68,64.5,75.4,High_Load,17,0.949
CR110,2025-09-18 18:59:19,63.2,150.4,5.53,13.1,259,2.08,47.8,72.3,Maintenance_Alert,9,0.805
CR110,2025-09-18 17:59:19,65.3,203.4,4.72,9.6,271,2.05,70.2,72.2,High_Load,55,0.826
CR110,2025-09-18 16:59:19,70.0,181.8,4.98,17.9,244,1.01,66.6,72.6,Normal,25,0.86
CR111,2025-09-19 15:59:19,41.7,152.1,4.63,17.9,259,1.2,49.4,76.4,Maintenance_Alert,66,0.824
CR111,2025-09-19 14:59:19,67.2,228.8,4.83,22.4,243,1.07,73.9,75.2,Normal,17,0.768
CR111,2025-09-19 13:59:19,62.2,183.9,5.28,20.6,319,1.81,56.1,77.3,Normal,52,0.828
CR111,2025-09-19 12:59:19,42.1,186.3,5.81,12.5,186,1.25,50.2,77.5,Normal,7,0.898
CR111,2025-09-19 11:59:19,67.3,186.8,5.64,20.5,180,1.71,71.6,76.8,Maintenance_Alert,55,0.925
CR111,2025-09-19 10:59:19,67.1,186.9,4.71,14.2,256,1.66,81.2,77.4,High_Load,59,0.952
CR111,2025-09-19 09:59:19,52.2,229.4,6.19,19.0,286,1.28,77.2,77.4,High_Load,5,0.851
CR111,2025-09-19 08:59:19,76.8,159.9,5.88,23.8,267,2.09,65.6,74.4,Normal,61,0.849
CR111,2025-09-19 07:59:19,66.6,205.8,5.01,21.5,186,1.03,55.3,73.1,Maintenance_Alert,7,0.949
CR111,2025-09-19 06:59:19,70.8,189.2,5.61,12.5,227,1.59,54.3,77.1,Normal,55,0.887
CR111,2025-09-19 05:59:19,42.8,190.2,6.19,11.4,225,1.29,80.8,72.1,Normal,54,0.781
CR111,2025-09-19 04:59:19,64.2,193.3,5.12,19.5,202,1.3,79.1,77.6,Normal,59,0.875
CR111,2025-09-19 03:59:19,80.6,228.3,4.61,9.7,288,1.43,65.9,75.6,High_Load,79,0.945
CR111,2025-09-19 02:59:19,81.2,166.5,4.86,18.5,204,1.68,76.7,77.5,Normal,41,0.837
CR111,2025-09-19 01:59:19,49.5,225.1,4.86,9.8,219,0.93,51.3,73.2,Normal,26,0.781
CR111,2025-09-19 00:59:19,42.0,154.5,5.91,16.1,207,1.2,53.5,73.5,Maintenance_Alert,29,0.89
CR111,2025-09-18 23:59:19,63.6,210.4,5.98,24.9,238,1.17,72.6,73.3,High_Load,14,0.812
CR111,2025-09-18 22:59:19,64.7,252.2,5.61,22.8,209,1.98,80.7,74.4,Normal,33,0.876
CR111,2025-09-18 21:59:19,61.9,160.4,5.95,12.4,258,2.04,68.0,77.0,High_Load,46,0.783
CR111,2025-09-18 20:59:19,64.8,237.8,6.14,22.3,306,2.4,54.2,77.8,Maintenance_Alert,67,0.787
CR111,2025-09-18 19:59:19,54.1,204.8,5.63,25.0,207,2.06,89.3,76.3,Normal,59,0.954
CR111,2025-09-18 18:59:19,69.8,134.5,5.03,19.5,261,1.48,60.8,75.2,High_Load,3,0.78
CR111,2025-09-18 17:59:19,50.7,187.1,4.56,10.4,253,1.55,51.7,74.0,Maintenance_Alert,78,0.815
CR111,2025-09-18 16:59:19,66.1,176.7,5.95,11.8,236,1.08,58.5,74.7,High_Load,79,0.862
CR112,2025-09-19 15:59:19,44.8,199.8,5.56,24.7,289,2.04,48.4,76.5,Normal,9,0.842
CR112,2025-09-19 14:59:19,60.8,145.0,6.15,17.0,214,2.26,72.7,72.9,Normal,11,0.851
CR112,2025-09-19 13:59:19,58.9,167.3,4.72,8.7,205,1.2,76.9,72.6,Normal,19,0.902
CR112,2025-09-19 12:59:19,67.5,211.9,5.88,15.6,267,2.23,89.4,75.8,High_Load,12,0.822
CR112,2025-09-19 11:59:19,69.6,215.9,4.93,10.3,295,1.66,68.5,77.8,Normal,22,0.752
CR112,2025-09-19 10:59:19,54.9,202.7,5.02,12.5,208,0.93,80.1,75.4,Normal,50,0.756
CR112,2025-09-19 09:59:19,40.8,189.8,4.97,24.0,282,1.03,76.6,72.4,Normal,72,0.977
CR112,2025-09-19 08:59:19,54.1,172.7,5.18,15.1,183,1.67,73.2,77.5,High_Load,14,0.879
CR112,2025-09-19 07:59:19,66.8,170.1,6.02,16.7,195,0.84,71.1,72.9,Maintenance_Alert,37,0.828
CR112,2025-09-19 06:59:19,80.0,152.7,5.93,19.9,208,1.71,61.4,76.8,Normal,74,0.76
CR112,2025-09-19 05:59:19,51.4,220.3,5.32,23.3,242,2.0,74.3,77.5,Maintenance_Alert,7,0.962
CR112,2025-09-19 04:59:19,69.4,182.0,5.57,15.3,255,1.57,87.7,76.0,High_Load,76,0.794
CR112,2025-09-19 03:59:19,61.4,187.9,5.9,8.1,238,2.09,54.4,77.4,High_Load,56,0.862
CR112,2025-09-19 02:59:19,72.0,227.1,4.81,11.8,219,1.08,82.3,73.4,Maintenance_Alert,30,0.791
CR112,2025-09-19 01:59:19,64.7,221.7,4.89,20.9,310,0.97,81.6,75.2,High_Load,56,0.864
CR112,2025-09-19 00:59:19,77.5,216.8,5.0,10.8,229,1.13,73.0,74.5,Maintenance_Alert,73,0.921
CR112,2025-09-18 23:59:19,43.6,189.6,5.63,23.4,228,0.86,54.2,77.9,Maintenance_Alert,51,0.836
CR112,2025-09-18 22:59:19,46.0,166.3,5.69,23.5,180,0.82,76.4,72.4,Maintenance_Alert,66,0.8
CR112,2025-09-18 21:59:19,46.7,190.4,5.91,17.2,276,2.37,85.4,74.6,High_Load,22,0.931
CR112,2025-09-18 20:59:19,42.8,161.1,5.79,8.8,277,1.29,54.6,73.9,Normal,48,0.864
CR112,2025-09-18 19:59:19,58.5,152.5,6.19,12.4,216,1.19,78.2,75.3,High_Load,21,0.796
CR112,2025-09-18 18:59:19,71.7,195.7,6.19,13.9,215,1.65,65.5,73.4,Normal,42,0.766
CR112,2025-09-18 17:59:19,53.2,254.5,5.83,17.2,291,1.56,46.7,72.4,Maintenance_Alert,55,0.971
CR112,2025-09-18 16:59:19,55.7,204.7,5.68,9.1,303,1.8,67.0,77.5,Normal,22,0.96
CR113,2025-09-19 15:59:19,59.1,217.5,5.39,19.9,287,1.33,76.7,75.9,High_Load,27,0.841
CR113,2025-09-19 14:59:19,54.2,185.3,4.54,12.8,271,1.45,76.3,73.7,Maintenance_Alert,23,0.98
CR113,2025-09-19 13:59:19,49.8,193.0,5.63,20.0,203,1.16,48.8,72.9,Maintenance_Alert,70,0.88
CR113,2025-09-19 12:59:19,61.4,198.9,5.1,24.5,194,1.04,77.3,74.2,High_Load,40,0.764
CR113,2025-09-19 11:59:19,57.1,185.5,4.68,16.0,223,0.84,71.6,75.5,Normal,41,0.756
CR113,2025-09-19 10:59:19,57.1,193.2,4.87,8.3,305,2.21,81.3,74.7,Normal,46,0.929
CR113,2025-09-19 09:59:19,50.3,167.9,5.75,14.2,312,2.23,75.3,74.5,Normal,46,0.954
CR113,2025-09-19 08:59:19,54.9,234.0,5.01,21.8,222,1.52,89.5,74.3,High_Load,78,0.915
CR113,2025-09-19 07:59:19,69.3,219.1,5.53,16.9,191,2.47,77.4,74.7,Maintenance_Alert,77,0.937
CR113,2025-09-19 06:59:19,56.1,209.2,5.97,18.6,221,1.57,80.2,74.9,High_Load,40,0.793
CR113,2025-09-19 05:59:19,64.3,147.8,5.89,10.6,194,1.15,77.1,75.9,Normal,4,0.851
CR113,2025-09-19 04:59:19,65.7,173.0,5.85,22.6,228,1.73,83.5,72.6,Maintenance_Alert,11,0.883
CR113,2025-09-19 03:59:19,65.2,169.7,5.79,13.0,277,2.35,65.4,72.9,Maintenance_Alert,79,0.755
CR113,2025-09-19 02:59:19,59.5,218.3,5.91,18.9,182,0.82,71.4,74.2,Normal,19,0.976
CR113,2025-09-19 01:59:19,47.6,156.7,5.12,19.2,303,0.92,50.6,73.6,High_Load,5,0.781
CR113,2025-09-19 00:59:19,41.8,207.5,4.98,16.3,256,1.24,71.3,77.2,Maintenance_Alert,50,0.905
CR113,2025-09-18 23:59:19,61.2,187.9,4.78,18.0,296,0.93,51.5,73.2,Maintenance_Alert,11,0.834
CR113,2025-09-18 22:59:19,54.9,166.4,5.27,15.4,203,1.01,61.5,74.7,High_Load,77,0.878
CR113,2025-09-18 21:59:19,58.0,156.4,5.42,23.4,307,1.13,61.0,77.3,Normal,46,0.796
CR113,2025-09-18 20:59:19,78.2,158.0,4.6,18.2,285,1.06,90.5,77.6,High_Load,65,0.97
CR113,2025-09-18 19:59:19,61.1,177.4,4.64,16.0,228,1.61,77.1,75.7,Normal,58,0.81
CR113,2025-09-18 18:59:19,57.5,178.9,4.9,22.1,287,1.14,65.1,74.4,Maintenance_Alert,1,0.777
CR113,2025-09-18 17:59:19,59.4,201.0,6.19,8.4,227,1.36,74.1,72.9,Normal,76,0.839
CR113,2025-09-18 16:59:19,54.3,205.0,4.82,11.1,219,2.0,66.0,75.5,Maintenance_Alert,61,0.796
CR114,2025-09-19 15:59:19,55.4,182.9,5.02,15.0,204,1.81,52.8,72.3,Maintenance_Alert,50,0.816
CR114,2025-09-19 14:59:19,69.5,223.3,5.52,24.5,225,2.34,72.8,76.6,Maintenance_Alert,15,0.944
CR114,2025-09-19 13:59:19,66.5,219.2,5.7,24.3,316,2.47,68.0,76.4,Maintenance_Alert,8,0.854
CR114,2025-09-19 12:59:19,61.8,258.9,6.1,14.9,251,0.86,65.6,73.9,Normal,61,0.855
CR114,2025-09-19 11:59:19,78.8,171.9,4.93,23.1,307,0.99,73.1,72.8,High_Load,37,0.973
CR114,2025-09-19 10:59:19,76.0,180.3,5.73,10.9,246,1.85,65.4,75.8,Normal,47,0.944
CR114,2025-09-19 09:59:19,66.1,208.7,5.81,13.6,232,0.95,77.9,77.8,Maintenance_Alert,29,0.796
CR114,2025-09-19 08:59:19,57.0,156.3,5.79,19.5,243,1.9,64.1,72.8,High_Load,61,0.784
CR114,2025-09-19 07:59:19,61.7,208.4,4.86,10.8,297,1.32,88.6,78.0,Maintenance_Alert,5,0.944
CR114,2025-09-19 06:59:19,56.3,201.2,4.72,12.5,216,1.14,59.8,76.7,Maintenance_Alert,46,0.903
CR114,2025-09-19 05:59:19,63.4,185.9,4.87,21.4,234,1.02,88.3,76.7,Normal,23,0.916
CR114,2025-09-19 04:59:19,55.2,185.6,5.21,21.8,289,1.77,52.9,74.6,High_Load,8,0.858
CR114,2025-09-19 03:59:19,52.5,156.3,5.69,11.4,185,1.53,79.2,77.5,Maintenance_Alert,36,0.908
CR114,2025-09-19 02:59:19,64.3,215.1,4.94,20.0,256,1.66,76.6,74.4,High_Load,3,0.892
CR114,2025-09-19 01:59:19,79.7,206.4,6.16,8.1,274,2.37,88.7,75.9,High_Load,42,0.853
CR114,2025-09-19 00:59:19,71.0,219.7,6.03,17.2,236,2.43,61.3,72.8,Maintenance_Alert,21,0.878
CR114,2025-09-18 23:59:19,54.3,160.2,5.25,8.4,231,1.17,62.3,75.7,Maintenance_Alert,75,0.777
CR114,2025-09-18 22:59:19,53.0,209.4,5.68,18.2,200,0.96,82.2,74.5,Maintenance_Alert,73,0.922
CR114,2025-09-18 21:59:19,80.0,168.3,5.21,17.2,265,1.37,87.1,77.8,High_Load,69,0.96
CR114,2025-09-18 20:59:19,70.5,236.8,5.34,14.2,217,2.23,76.3,73.1,High_Load,54,0.794
CR114,2025-09-18 19:59:19,61.3,199.7,4.68,17.8,214,1.52,60.2,75.1,High_Load,19,0.92
CR114,2025-09-18 18:59:19,60.0,196.5,5.58,8.9,248,1.11,84.2,72.0,Maintenance_Alert,57,0.831
CR114,2025-09-18 17:59:19,43.9,188.3,5.84,13.0,184,2.23,82.6,75.7,Maintenance_Alert,13,0.96
CR114,2025-09-18 16:59:19,52.5,150.9,5.55,18.3,192,1.8,71.8,72.5,Maintenance_Alert,66,0.785
CR115,2025-09-19 15:59:19,74.1,140.3,6.19,10.2,287,1.03,96.0,75.4,High_Load,39,0.781
CR115,2025-09-19 14:59:19,61.2,172.2,6.08,12.5,277,1.44,84.8,73.5,Maintenance_Alert,5,0.843
CR115,2025-09-19 13:59:19,55.9,231.9,5.92,17.8,275,1.93,55.3,78.0,Normal,58,0.948
CR115,2025-09-19 12:59:19,67.0,181.2,4.92,19.4,251,1.19,72.4,72.8,High_Load,20,0.818
CR115,2025-09-19 11:59:19,63.5,171.7,4.57,18.0,320,1.45,91.8,73.1,Normal,26,0.794
CR115,2025-09-19 10:59:19,53.7,143.6,5.85,14.6,253,0.88,54.5,72.2,High_Load,35,0.833
CR115,2025-09-19 09:59:19,49.2,189.9,4.63,11.6,207,0.91,51.9,77.7,High_Load,74,0.768
CR115,2025-09-19 08:59:19,67.6,181.4,4.8,18.7,230,2.43,60.3,75.2,Maintenance_Alert,6,0.825
CR115,2025-09-19 07:59:19,59.0,199.6,5.54,8.0,198,1.42,89.8,72.8,Maintenance_Alert,41,0.775
CR115,2025-09-19 06:59:19,52.9,189.1,5.47,13.3,277,1.66,88.1,75.0,Maintenance_Alert,8,0.847
CR115,2025-09-19 05:59:19,47.2,176.4,6.07,16.8,291,1.6,54.6,72.8,Maintenance_Alert,46,0.807
CR115,2025-09-19 04:59:19,68.6,169.8,6.1,21.9,305,1.37,84.4,77.7,Normal,23,0.943
CR115,2025-09-19 03:59:19,56.6,190.5,4.57,22.3,201,2.04,47.2,74.5,Maintenance_Alert,34,0.764
CR115,2025-09-19 02:59:19,69.3,208.6,4.72,10.3,215,2.02,96.0,76.8,Normal,76,0.854
CR115,2025-09-19 01:59:19,66.4,186.2,5.08,13.2,257,1.25,59.7,76.8,High_Load,67,0.776
CR115,2025-09-19 00:59:19,49.1,191.2,5.08,10.8,266,1.77,56.1,77.4,High_Load,15,0.945
CR115,2025-09-18 23:59:19,62.3,165.1,5.9,12.7,217,1.91,64.5,77.9,Normal,57,0.871
CR115,2025-09-18 22:59:19,61.6,230.9,5.17,24.2,309,1.37,97.0,75.8,Maintenance_Alert,5,0.954
CR115,2025-09-18 21:59:19,48.3,186.3,5.81,10.0,203,2.04,65.0,74.3,Normal,2,0.797
CR115,2025-09-18 20:59:19,75.7,181.4,5.49,8.8,314,1.58,89.0,74.1,Maintenance_Alert,63,0.94
CR115,2025-09-18 19:59:19,68.8,187.3,5.79,17.8,230,2.13,92.0,73.7,Maintenance_Alert,58,0.754
CR115,2025-09-18 18:59:19,52.2,222.5,5.74,17.7,198,2.09,50.9,73.9,Normal,4,0.753
CR115,2025-09-18 17:59:19,49.5,222.6,5.42,11.0,259,1.39,55.7,74.6,Normal,3,0.965
CR115,2025-09-18 16:59:19,65.9,149.6,5.86,23.1,265,2.11,90.4,77.6,Normal,46,0.775
CR116,2025-09-19 15:59:19,49.2,205.3,4.77,15.2,182,2.34,51.5,73.5,Normal,53,0.973
CR116,2025-09-19 14:59:19,77.6,155.6,5.06,19.5,288,2.33,58.9,77.4,Normal,75,0.947
CR116,2025-09-19 13:59:19,50.8,227.2,5.43,9.5,197,1.87,58.3,73.4,Normal,65,0.902
CR116,2025-09-19 12:59:19,53.1,217.6,4.57,17.3,244,0.93,66.8,76.0,High_Load,66,0.913
CR116,2025-09-19 11:59:19,51.7,246.5,5.95,21.4,192,0.88,76.7,74.4,High_Load,55,0.817
CR116,2025-09-19 10:59:19,44.3,231.9,5.89,19.6,317,1.71,64.0,77.7,High_Load,72,0.869
CR116,2025-09-19 09:59:19,60.6,145.2,5.03,10.0,279,2.01,94.7,74.3,Maintenance_Alert,62,0.89
CR116,2025-09-19 08:59:19,68.7,228.2,5.28,20.1,190,2.21,63.5,75.9,Normal,12,0.916
CR116,2025-09-19 07:59:19,54.2,216.5,5.14,19.2,239,1.43,50.8,72.4,Maintenance_Alert,24,0.773
CR116,2025-09-19 06:59:19,77.8,245.0,5.86,19.1,255,1.87,77.3,75.7,High_Load,78,0.936
CR116,2025-09-19 05:59:19,60.4,156.3,5.9,9.4,250,0.85,48.2,74.3,Maintenance_Alert,45,0.83
CR116,2025-09-19 04:59:19,72.6,193.9,4.85,22.9,215,2.25,77.7,76.7,High_Load,57,0.86
CR116,2025-09-19 03:59:19,51.7,210.9,5.39,23.6,182,0.85,42.9,77.9,High_Load,33,0.848
CR116,2025-09-19 02:59:19,50.9,227.9,5.78,22.9,205,1.96,66.4,74.1,Normal,59,0.899
CR116,2025-09-19 01:59:19,67.1,197.7,5.33,23.8,213,2.08,50.6,75.5,High_Load,39,0.914
CR116,2025-09-19 00:59:19,69.4,184.1,4.93,19.7,267,0.97,88.4,73.4,Normal,54,0.789
CR116,2025-09-18 23:59:19,47.5,180.3,6.17,23.3,287,0.88,48.1,72.4,Normal,65,0.812
CR116,2025-09-18 22:59:19,40.4,136.8,5.8,23.6,287,1.47,76.3,74.5,High_Load,53,0.884
CR116,2025-09-18 21:59:19,50.2,163.1,5.6,23.6,210,1.4,75.5,73.2,Maintenance_Alert,3,0.814
CR116,2025-09-18 20:59:19,65.6,185.3,4.6,16.2,272,2.25,85.4,73.9,Maintenance_Alert,58,0.861
CR116,2025-09-18 19:59:19,46.1,188.5,4.69,16.2,290,1.39,63.7,74.5,Normal,51,0.853
CR116,2025-09-18 18:59:19,65.6,236.7,5.81,19.8,277,2.49,87.7,73.6,High_Load,39,0.877
CR116,2025-09-18 17:59:19,67.7,167.8,5.06,24.2,275,2.43,55.0,72.9,High_Load,77,0.763
CR116,2025-09-18 16:59:19,73.4,201.2,4.84,9.6,301,1.8,81.4,74.3,Normal,55,0.966
CR117,2025-09-19 15:59:19,59.0,192.6,5.38,13.1,188,0.82,51.7,74.5,High_Load,9,0.884
CR117,2025-09-19 14:59:19,57.9,244.3,5.44,8.3,319,1.72,58.0,74.0,Normal,13,0.842
CR117,2025-09-19 13:59:19,65.1,220.5,6.05,15.5,245,1.11,79.3,77.5,High_Load,24,0.911
CR117,2025-09-19 12:59:19,63.2,164.4,5.3,17.5,230,1.39,54.2,75.1,Maintenance_Alert,3,0.871
CR117,2025-09-19 11:59:19,51.7,173.1,5.76,15.4,303,2.37,78.7,73.2,Normal,53,0.769
CR117,2025-09-19 10:59:19,70.2,196.5,4.94,9.2,307,2.06,85.3,77.0,Maintenance_Alert,38,0.937
CR117,2025-09-19 09:59:19,53.0,218.8,5.24,15.0,243,1.31,71.9,74.0,Normal,46,0.895
CR117,2025-09-19 08:59:19,40.9,189.7,5.14,17.3,287,2.41,74.3,72.4,Maintenance_Alert,79,0.9
CR117,2025-09-19 07:59:19,50.8,205.6,5.23,21.3,225,1.15,86.7,77.6,High_Load,74,0.826
CR117,2025-09-19 06:59:19,78.6,228.9,4.88,23.8,314,2.31,86.3,72.2,Maintenance_Alert,29,0.969
CR117,2025-09-19 05:59:19,51.7,238.7,5.73,23.2,274,1.88,78.8,73.5,Normal,38,0.944
CR117,2025-09-19 04:59:19,68.2,178.7,5.95,11.7,238,1.91,94.6,77.2,High_Load,39,0.906
CR117,2025-09-19 03:59:19,67.1,221.9,6.18,10.4,284,1.27,52.0,76.2,High_Load,75,0.964
CR117,2025-09-19 02:59:19,61.5,244.5,4.61,10.4,213,1.24,56.3,76.9,High_Load,32,0.892
CR117,2025-09-19 01:59:19,50.8,183.3,4.89,22.7,285,1.3,67.3,72.7,Maintenance_Alert,77,0.871
CR117,2025-09-19 00:59:19,44.2,155.9,5.3,15.6,274,1.64,80.9,72.7,Normal,59,0.855
CR117,2025-09-18 23:59:19,54.9,215.8,5.79,15.3,289,1.94,88.7,72.7,High_Load,15,0.848
CR117,2025-09-18 22:59:19,72.8,167.4,5.86,24.9,225,2.28,55.2,73.4,Normal,67,0.96
CR117,2025-09-18 21:59:19,48.6,166.3,4.63,10.1,279,0.83,59.8,72.8,Maintenance_Alert,5,0.898
CR117,2025-09-18 20:59:19,76.6,165.3,5.13,16.5,251,2.3,75.3,72.5,Maintenance_Alert,0,0.847
CR117,2025-09-18 19:59:19,77.0,189.7,5.77,18.3,262,2.26,74.6,76.1,Normal,38,0.838
CR117,2025-09-18 18:59:19,60.3,207.5,5.78,11.7,196,2.32,46.1,75.4,Maintenance_Alert,33,0.758
CR117,2025-09-18 17:59:19,50.7,224.0,5.29,11.7,232,0.84,80.4,77.2,Normal,0,0.889
CR117,2025-09-18 16:59:19,60.0,176.0,5.99,10.4,183,2.44,46.6,74.2,Maintenance_Alert,73,0.77
CR118,2025-09-19 15:59:19,67.9,231.7,5.07,8.1,197,1.29,60.2,76.4,Normal,75,0.898
CR118,2025-09-19 14:59:19,56.2,210.9,5.09,20.3,291,1.29,82.0,77.5,Normal,47,0.902
CR118,2025-09-19 13:59:19,61.1,164.4,4.83,22.4,211,2.48,66.2,72.8,High_Load,79,0.83
CR118,2025-09-19 12:59:19,63.5,159.9,5.76,24.9,297,1.52,50.1,77.9,Normal,6,0.858
CR118,2025-09-19 11:59:19,47.8,160.1,4.52,17.8,309,0.84,63.0,72.3,Maintenance_Alert,31,0.968
CR118,2025-09-19 10:59:19,54.0,218.5,5.23,17.4,299,1.32,80.7,72.5,Maintenance_Alert,4,0.964
CR118,2025-09-19 09:59:19,57.9,158.3,5.98,12.4,307,1.14,50.1,77.7,High_Load,70,0.792
CR118,2025-09-19 08:59:19,71.2,217.4,5.48,17.6,300,2.45,84.7,75.4,Maintenance_Alert,51,0.944
CR118,2025-09-19 07:59:19,65.9,176.5,5.36,19.0,299,1.34,64.9,72.6,High_Load,49,0.893
CR118,2025-09-19 06:59:19,69.1,219.1,4.73,17.1,243,1.53,85.4,72.2,High_Load,13,0.918
CR118,2025-09-19 05:59:19,56.9,165.2,5.9,17.7,294,2.38,61.9,75.5,Normal,51,0.944
CR118,2025-09-19 04:59:19,67.8,218.8,5.87,15.4,267,2.36,53.0,76.0,High_Load,77,0.827
CR118,2025-09-19 03:59:19,59.0,198.6,4.6,9.4,223,1.05,67.6,73.8,Normal,69,0.934
CR118,2025-09-19 02:59:19,62.2,183.1,5.85,12.5,308,1.36,79.0,72.3,Normal,37,0.901
CR118,2025-09-19 01:59:19,53.1,166.0,5.32,19.0,312,1.71,80.3,73.9,Maintenance_Alert,67,0.929
CR118,2025-09-19 00:59:19,67.3,162.6,4.63,10.0,197,1.08,76.7,76.0,High_Load,26,0.874
CR118,2025-09-18 23:59:19,67.9,171.4,5.46,10.4,276,2.45,91.3,77.5,High_Load,27,0.782
CR118,2025-09-18 22:59:19,45.3,236.4,5.87,18.4,244,2.33,69.3,77.1,Normal,45,0.759
CR118,2025-09-18 21:59:19,67.4,173.1,5.57,19.1,209,1.27,77.7,73.5,Normal,77,0.912
CR118,2025-09-18 20:59:19,72.6,224.6,5.37,20.3,220,2.43,82.2,74.0,Normal,13,0.9
CR118,2025-09-18 19:59:19,71.4,184.7,4.98,11.6,248,1.63,72.9,76.4,High_Load,80,0.762
CR118,2025-09-18 18:59:19,53.3,167.8,5.76,22.7,279,1.01,75.8,74.5,High_Load,58,0.795
CR118,2025-09-18 17:59:19,83.0,162.6,5.6,17.3,188,2.07,80.3,72.6,Maintenance_Alert,72,0.793
CR118,2025-09-18 16:59:19,61.7,234.5,5.3,19.0,320,2.37,83.0,73.8,Normal,62,0.842
CR119,2025-09-19 15:59:19,78.8,138.3,6.15,11.6,248,1.52,64.0,77.0,Normal,69,0.83
CR119,2025-09-19 14:59:19,73.8,195.7,5.02,11.3,209,2.13,73.1,76.5,Maintenance_Alert,80,0.756
CR119,2025-09-19 13:59:19,60.9,201.0,5.33,18.5,239,2.24,69.3,73.7,High_Load,15,0.822
CR119,2025-09-19 12:59:19,63.9,193.1,4.71,16.5,239,0.83,84.1,77.0,Normal,50,0.826
CR119,2025-09-19 11:59:19,71.9,194.0,6.13,14.0,184,2.04,61.7,74.3,Normal,67,0.933
CR119,2025-09-19 10:59:19,62.6,184.2,5.08,15.5,265,1.0,62.3,73.3,High_Load,14,0.84
CR119,2025-09-19 09:59:19,48.7,164.9,5.09,22.4,212,1.67,84.2,73.9,Maintenance_Alert,77,0.897
CR119,2025-09-19 08:59:19,67.3,189.0,5.35,25.0,295,2.01,64.5,76.6,Maintenance_Alert,45,0.794
CR119,2025-09-19 07:59:19,57.7,221.3,4.93,20.1,234,1.27,70.0,75.5,High_Load,38,0.853
CR119,2025-09-19 06:59:19,55.0,204.5,5.38,14.7,188,1.66,80.6,77.7,Normal,4,0.787
CR119,2025-09-19 05:59:19,61.4,241.5,5.13,12.6,294,1.76,57.2,73.0,Maintenance_Alert,67,0.91
CR119,2025-09-19 04:59:19,48.7,189.9,5.52,14.2,239,2.45,53.9,74.8,High_Load,36,0.944
CR119,2025-09-19 03:59:19,68.9,157.8,6.0,16.4,193,0.84,66.4,72.5,Normal,14,0.811
CR119,2025-09-19 02:59:19,64.4,171.6,6.04,11.1,320,1.18,63.7,72.1,High_Load,11,0.845
CR119,2025-09-19 01:59:19,74.9,196.5,5.8,14.2,190,1.07,86.1,74.9,Normal,25,0.915
CR119,2025-09-19 00:59:19,60.4,181.8,5.59,20.2,186,2.36,70.2,76.6,High_Load,68,0.847
CR119,2025-09-18 23:59:19,54.8,170.0,5.02,13.9,314,1.37,51.8,77.8,Maintenance_Alert,77,0.799
CR119,2025-09-18 22:59:19,48.9,228.5,5.91,19.0,222,2.37,61.7,75.3,High_Load,31,0.764
CR119,2025-09-18 21:59:19,60.4,226.0,4.69,21.2,212,1.65,51.1,75.9,Normal,30,0.955
CR119,2025-09-18 20:59:19,45.4,205.6,5.98,17.1,251,2.14,52.9,75.2,Maintenance_Alert,3,0.764
CR119,2025-09-18 19:59:19,69.6,172.1,6.19,19.9,202,1.58,90.6,76.4,High_Load,1,0.836
CR119,2025-09-18 18:59:19,74.2,223.0,5.35,22.5,249,2.25,72.5,77.5,High_Load,44,0.765
CR119,2025-09-18 17:59:19,76.9,171.8,6.08,12.6,184,1.87,86.1,77.3,Normal,57,0.863
CR119,2025-09-18 16:59:19,45.4,196.0,4.74,19.7,315,1.24,63.8,75.7,High_Load,19,0.831
CR120,2025-09-19 15:59:19,49.9,211.3,5.29,14.5,315,2.15,76.4,75.9,High_Load,45,0.888
CR120,2025-09-19 14:59:19,48.6,234.3,6.1,13.1,309,0.92,69.1,77.4,Normal,67,0.96
CR120,2025-09-19 13:59:19,78.7,226.6,4.92,8.2,223,1.87,58.9,78.0,High_Load,23,0.913
CR120,2025-09-19 12:59:19,44.1,137.0,5.3,10.7,311,1.18,55.6,74.1,Normal,49,0.837
CR120,2025-09-19 11:59:19,67.0,204.8,5.46,24.0,319,2.02,63.9,75.2,Normal,23,0.907
CR120,2025-09-19 10:59:19,60.9,160.7,5.21,14.2,278,1.78,70.6,73.6,High_Load,14,0.975
CR120,2025-09-19 09:59:19,66.3,185.3,4.67,19.2,208,2.34,66.1,76.4,High_Load,19,0.76
CR120,2025-09-19 08:59:19,70.2,190.4,5.16,9.2,312,1.48,86.7,77.0,High_Load,8,0.846
CR120,2025-09-19 07:59:19,46.0,224.3,4.67,18.8,233,0.9,54.7,72.5,Maintenance_Alert,55,0.815
CR120,2025-09-19 06:59:19,64.3,141.2,4.81,16.6,194,1.52,71.9,73.7,High_Load,11,0.816
CR120,2025-09-19 05:59:19,59.3,236.1,6.13,13.2,207,2.01,82.7,76.4,High_Load,35,0.925
CR120,2025-09-19 04:59:19,67.0,223.8,4.52,14.8,306,2.05,60.4,77.9,Maintenance_Alert,62,0.88
CR120,2025-09-19 03:59:19,44.4,204.6,4.79,15.3,185,1.08,70.2,75.2,High_Load,37,0.955
CR120,2025-09-19 02:59:19,46.1,222.0,5.73,10.0,185,1.3,45.0,73.3,Normal,13,0.782
CR120,2025-09-19 01:59:19,63.5,177.4,5.95,20.2,228,1.5,64.5,76.4,Maintenance_Alert,66,0.878
CR120,2025-09-19 00:59:19,64.5,169.4,5.52,17.8,238,0.91,66.1,77.3,Maintenance_Alert,13,0.812
CR120,2025-09-18 23:59:19,63.4,230.0,5.28,8.8,302,1.98,53.7,75.7,Normal,7,0.973
CR120,2025-09-18 22:59:19,70.8,191.8,5.77,10.1,245,0.9,86.5,73.2,High_Load,74,0.755
CR120,2025-09-18 21:59:19,51.1,221.8,5.82,9.5,292,1.68,63.4,74.1,Maintenance_Alert,15,0.871
CR120,2025-09-18 20:59:19,78.1,177.3,5.98,23.4,212,1.4,78.7,72.4,Normal,22,0.809
CR120,2025-09-18 19:59:19,82.6,162.1,5.77,12.5,196,1.16,79.0,72.5,Normal,57,0.789
CR120,2025-09-18 18:59:19,69.0,226.8,4.6,15.7,267,1.96,93.4,73.0,Maintenance_Alert,59,0.89
CR120,2025-09-18 17:59:19,61.1,156.5,6.17,18.0,279,0.95,84.6,76.5,Normal,69,0.772
CR120,2025-09-18 16:59:19,59.1,174.9,5.65,16.5,202,2.43,83.8,73.9,High_Load,10,0.848
CR121,2025-09-19 15:59:19,79.2,180.1,6.11,18.3,230,1.11,77.3,77.4,Maintenance_Alert,42,0.882
CR121,2025-09-19 14:59:19,62.8,204.5,5.73,12.9,318,1.61,66.9,74.6,Normal,72,0.89
CR121,2025-09-19 13:59:19,70.3,164.9,5.32,11.8,304,1.07,65.5,75.2,Normal,66,0.843
CR121,2025-09-19 12:59:19,56.1,216.8,4.95,11.2,279,1.91,71.1,73.2,High_Load,24,0.972
CR121,2025-09-19 11:59:19,66.7,193.9,5.54,8.5,186,1.62,57.9,74.6,Normal,24,0.964
CR121,2025-09-19 10:59:19,49.1,156.6,5.54,24.5,235,1.46,46.8,75.8,Normal,10,0.966
CR121,2025-09-19 09:59:19,75.0,165.9,6.14,21.3,282,2.39,90.5,77.5,Maintenance_Alert,13,0.767
CR121,2025-09-19 08:59:19,55.5,204.9,6.1,12.8,293,2.15,58.5,72.5,High_Load,12,0.808
CR121,2025-09-19 07:59:19,52.6,179.7,5.97,11.6,280,2.41,51.7,77.8,Maintenance_Alert,5,0.848
CR121,2025-09-19 06:59:19,55.6,213.8,5.96,19.6,232,2.15,51.8,77.1,Normal,30,0.965
CR121,2025-09-19 05:59:19,48.9,178.8,5.93,21.3,279,1.41,50.0,72.7,Normal,28,0.793
CR121,2025-09-19 04:59:19,56.0,213.8,5.04,19.0,214,1.79,64.4,76.1,High_Load,16,0.852
CR121,2025-09-19 03:59:19,56.7,213.5,4.82,10.5,243,1.31,70.4,76.6,High_Load,37,0.949
CR121,2025-09-19 02:59:19,46.1,193.7,5.94,19.7,315,0.85,45.9,74.3,Maintenance_Alert,14,0.768
CR121,2025-09-19 01:59:19,56.2,210.4,4.8,13.0,263,1.79,71.1,77.5,Maintenance_Alert,27,0.913
CR121,2025-09-19 00:59:19,76.9,197.0,5.52,8.5,309,2.45,65.5,77.5,Maintenance_Alert,53,0.91
CR121,2025-09-18 23:59:19,53.6,205.0,5.16,15.2,189,1.13,64.5,73.4,Maintenance_Alert,51,0.892
CR121,2025-09-18 22:59:19,54.3,171.0,5.17,9.2,295,1.57,82.6,74.9,Maintenance_Alert,60,0.801
CR121,2025-09-18 21:59:19,57.2,226.5,4.71,10.7,264,1.84,52.6,75.9,Normal,69,0.916
CR121,2025-09-18 20:59:19,54.8,178.8,4.96,23.8,254,1.83,70.5,74.2,Normal,41,0.829
CR121,2025-09-18 19:59:19,43.3,148.0,5.85,21.5,281,2.03,68.0,76.0,Maintenance_Alert,31,0.751
CR121,2025-09-18 18:59:19,64.5,208.5,5.06,21.5,192,2.07,75.3,77.3,Normal,6,0.902
CR121,2025-09-18 17:59:19,60.2,204.4,6.02,19.0,212,2.36,72.7,72.7,Maintenance_Alert,21,0.778
CR121,2025-09-18 16:59:19,57.4,207.2,5.36,22.3,291,0.99,94.6,74.5,Normal,15,0.943
CR122,2025-09-19 15:59:19,80.0,196.0,4.96,8.6,234,2.48,68.6,74.4,Normal,65,0.828
CR122,2025-09-19 14:59:19,67.3,209.4,5.55,15.4,250,2.42,85.2,77.8,Maintenance_Alert,20,0.772
CR122,2025-09-19 13:59:19,60.3,153.7,5.54,21.2,221,2.06,81.1,77.7,High_Load,42,0.804
CR122,2025-09-19 12:59:19,49.3,185.7,5.68,19.3,303,0.89,56.8,76.7,High_Load,37,0.876
CR122,2025-09-19 11:59:19,66.9,214.0,5.34,18.2,193,0.86,64.8,75.2,High_Load,72,0.894
CR122,2025-09-19 10:59:19,65.0,180.4,4.72,18.3,246,1.41,49.4,73.6,High_Load,11,0.934
CR122,2025-09-19 09:59:19,53.9,189.5,5.88,21.2,193,1.11,44.9,76.6,Normal,49,0.942
CR122,2025-09-19 08:59:19,61.7,187.5,6.18,16.8,249,1.63,55.4,74.2,Normal,66,0.877
CR122,2025-09-19 07:59:19,60.3,245.9,4.58,13.6,319,1.57,72.6,76.8,Normal,5,0.903
CR122,2025-09-19 06:59:19,61.6,186.3,5.04,11.1,240,1.21,66.5,75.9,High_Load,79,0.885
CR122,2025-09-19 05:59:19,56.8,165.0,5.27,20.8,295,1.16,64.9,72.3,Normal,1,0.758
CR122,2025-09-19 04:59:19,48.2,235.0,6.07,25.0,246,1.21,55.3,75.2,Normal,20,0.961
CR122,2025-09-19 03:59:19,46.6,176.5,5.86,17.5,207,1.32,60.1,77.1,Normal,12,0.869
CR122,2025-09-19 02:59:19,37.0,164.8,6.02,13.3,212,2.33,43.7,74.4,High_Load,15,0.797
CR122,2025-09-19 01:59:19,36.9,221.8,6.02,8.9,291,1.06,79.1,76.4,High_Load,58,0.929
CR122,2025-09-19 00:59:19,64.4,153.3,5.91,24.2,263,2.27,57.5,73.1,Maintenance_Alert,25,0.804
CR122,2025-09-18 23:59:19,44.4,225.9,4.9,17.6,294,1.58,60.4,76.0,Maintenance_Alert,30,0.851
CR122,2025-09-18 22:59:19,51.2,174.7,5.65,15.4,226,2.41,68.5,74.2,Maintenance_Alert,1,0.79
CR122,2025-09-18 21:59:19,75.8,183.5,5.39,18.2,255,1.09,93.5,72.4,High_Load,40,0.756
CR122,2025-09-18 20:59:19,53.0,157.1,6.04,8.7,256,2.43,47.2,77.4,Maintenance_Alert,32,0.783
CR122,2025-09-18 19:59:19,82.8,189.6,4.63,9.2,183,1.4,79.2,76.9,Maintenance_Alert,21,0.972
CR122,2025-09-18 18:59:19,57.6,171.5,5.27,14.5,227,1.51,72.7,75.3,Maintenance_Alert,21,0.834
CR122,2025-09-18 17:59:19,48.3,177.3,5.93,23.2,276,0.86,79.4,75.3,Normal,43,0.856
CR122,2025-09-18 16:59:19,63.8,182.8,5.04,17.8,289,1.69,66.1,76.9,High_Load,59,0.976
CR123,2025-09-19 15:59:19,68.8,171.8,6.09,22.4,227,2.21,51.4,77.9,High_Load,31,0.776
CR123,2025-09-19 14:59:19,39.0,142.5,5.78,19.5,192,2.08,46.4,73.3,Maintenance_Alert,70,0.862
CR123,2025-09-19 13:59:19,65.6,206.4,5.3,9.7,250,2.42,70.1,73.0,Normal,17,0.777
CR123,2025-09-19 12:59:19,52.6,181.8,4.83,20.4,232,0.84,79.2,73.8,Normal,69,0.926
CR123,2025-09-19 11:59:19,44.0,198.7,5.16,8.2,246,2.43,56.1,74.1,Maintenance_Alert,1,0.824
CR123,2025-09-19 10:59:19,45.1,180.0,5.42,15.5,305,1.04,71.0,74.3,Maintenance_Alert,67,0.954
CR123,2025-09-19 09:59:19,76.9,214.0,5.47,9.8,302,2.14,65.9,73.5,Maintenance_Alert,71,0.82
CR123,2025-09-19 08:59:19,70.7,169.1,4.62,16.7,259,2.38,61.6,72.5,Maintenance_Alert,12,0.813
CR123,2025-09-19 07:59:19,50.0,225.2,5.69,23.1,263,0.92,59.8,75.2,Maintenance_Alert,47,0.801
CR123,2025-09-19 06:59:19,78.7,205.3,5.6,18.4,256,1.13,60.5,75.7,Maintenance_Alert,11,0.824
CR123,2025-09-19 05:59:19,61.4,185.6,5.31,25.0,243,1.97,73.5,73.8,Normal,65,0.832
CR123,2025-09-19 04:59:19,57.5,156.3,5.98,9.8,224,1.56,59.6,74.9,Maintenance_Alert,55,0.969
CR123,2025-09-19 03:59:19,78.2,132.9,4.65,22.2,267,0.84,74.3,77.6,High_Load,51,0.956
CR123,2025-09-19 02:59:19,40.4,225.2,5.45,11.2,194,2.25,66.5,76.0,Maintenance_Alert,21,0.796
CR123,2025-09-19 01:59:19,63.0,228.9,5.79,20.4,302,1.96,77.5,76.8,Maintenance_Alert,27,0.812
CR123,2025-09-19 00:59:19,71.6,195.8,5.3,21.4,310,1.89,78.8,74.9,High_Load,2,0.842
CR123,2025-09-18 23:59:19,63.0,155.1,4.73,21.4,180,2.09,62.7,73.2,High_Load,49,0.974
CR123,2025-09-18 22:59:19,75.3,168.5,5.92,13.9,197,0.97,96.9,77.0,Normal,72,0.883
CR123,2025-09-18 21:59:19,50.2,245.8,4.99,22.8,235,1.8,63.8,73.9,Normal,60,0.77
CR123,2025-09-18 20:59:19,61.7,247.0,5.09,15.7,234,1.4,81.8,76.7,Normal,68,0.979
CR123,2025-09-18 19:59:19,59.1,210.2,5.45,8.4,235,1.55,78.0,76.0,Maintenance_Alert,77,0.805
CR123,2025-09-18 18:59:19,53.4,174.3,5.13,19.2,274,1.37,49.2,72.3,Normal,6,0.944
CR123,2025-09-18 17:59:19,57.7,210.2,5.74,8.2,235,1.55,61.1,73.4,High_Load,29,0.771
CR123,2025-09-18 16:59:19,54.0,197.4,5.3,19.7,270,1.2,68.6,73.9,High_Load,43,0.786
CR124,2025-09-19 15:59:19,45.0,212.2,5.04,9.8,193,2.49,62.9,73.8,Normal,6,0.943
CR124,2025-09-19 14:59:19,59.8,137.9,6.18,23.7,220,1.44,76.4,77.7,Normal,15,0.851
CR124,2025-09-19 13:59:19,46.9,215.6,5.92,22.0,249,1.81,83.8,73.9,Maintenance_Alert,66,0.913
CR124,2025-09-19 12:59:19,55.2,199.0,4.62,16.9,297,1.08,68.6,75.5,High_Load,54,0.881
CR124,2025-09-19 11:59:19,50.9,254.3,5.14,13.7,216,0.96,69.9,77.1,Maintenance_Alert,31,0.822
CR124,2025-09-19 10:59:19,66.3,221.1,5.97,8.6,245,1.18,75.4,72.2,High_Load,47,0.864
CR124,2025-09-19 09:59:19,81.5,209.2,5.43,15.1,265,1.31,83.7,75.1,Maintenance_Alert,63,0.944
CR124,2025-09-19 08:59:19,72.7,185.4,4.66,12.0,250,1.59,51.1,72.2,Maintenance_Alert,39,0.772
CR124,2025-09-19 07:59:19,49.5,200.9,4.53,12.2,209,0.84,58.9,77.6,High_Load,6,0.913
CR124,2025-09-19 06:59:19,63.4,144.1,6.04,21.6,278,1.35,63.3,74.3,High_Load,16,0.882
CR124,2025-09-19 05:59:19,69.1,208.3,6.06,9.9,225,1.59,70.4,77.8,Maintenance_Alert,73,0.936
CR124,2025-09-19 04:59:19,43.9,165.0,5.17,16.7,192,1.63,58.8,75.2,Normal,46,0.801
CR124,2025-09-19 03:59:19,76.4,169.1,5.13,16.7,275,1.22,89.6,75.8,Normal,74,0.966
CR124,2025-09-19 02:59:19,61.1,209.4,5.23,8.3,183,2.44,57.0,74.8,High_Load,33,0.942
CR124,2025-09-19 01:59:19,68.0,172.6,6.03,22.3,238,1.94,86.2,74.4,Maintenance_Alert,71,0.77
CR124,2025-09-19 00:59:19,56.8,191.6,5.36,8.8,274,1.93,82.1,77.4,Maintenance_Alert,77,0.776
CR124,2025-09-18 23:59:19,50.1,187.7,5.57,9.8,314,2.37,43.1,77.9,High_Load,49,0.866
CR124,2025-09-18 22:59:19,68.9,172.1,5.01,24.3,269,2.32,82.4,77.0,High_Load,68,0.955
CR124,2025-09-18 21:59:19,45.0,204.4,5.43,17.3,285,1.7,45.3,73.6,High_Load,20,0.763
CR124,2025-09-18 20:59:19,46.5,149.2,5.3,8.5,249,1.21,67.6,75.0,High_Load,37,0.791
CR124,2025-09-18 19:59:19,80.1,211.3,5.62,9.3,210,2.22,88.4,74.5,High_Load,67,0.814
CR124,2025-09-18 18:59:19,78.4,161.9,5.06,19.5,307,1.89,77.2,76.3,Normal,76,0.894
CR124,2025-09-18 17:59:19,74.9,202.2,4.59,16.7,258,1.69,54.6,76.2,High_Load,23,0.861
CR124,2025-09-18 16:59:19,65.0,227.8,5.07,18.3,320,1.51,72.3,73.0,High_Load,49,0.93
CR125,2025-09-19 15:59:19,83.8,200.4,4.58,23.7,282,1.11,83.2,72.3,High_Load,25,0.756
CR125,2025-09-19 14:59:19,43.9,183.0,5.13,24.9,188,2.02,76.3,74.7,Maintenance_Alert,18,0.9
CR125,2025-09-19 13:59:19,50.7,222.0,5.98,21.9,254,2.27,72.3,74.7,High_Load,6,0.89
CR125,2025-09-19 12:59:19,76.2,207.2,5.17,22.2,272,0.87,82.1,75.0,Maintenance_Alert,44,0.884
CR125,2025-09-19 11:59:19,62.6,180.5,5.15,17.5,318,1.69,70.4,76.2,High_Load,59,0.875
CR125,2025-09-19 10:59:19,63.3,236.2,5.95,24.3,300,2.16,77.8,74.3,Normal,57,0.948
CR125,2025-09-19 09:59:19,56.8,200.7,5.63,24.8,312,1.4,61.1,77.2,Maintenance_Alert,23,0.907
CR125,2025-09-19 08:59:19,55.7,190.4,4.6,10.4,269,1.48,60.1,74.0,Maintenance_Alert,31,0.806
CR125,2025-09-19 07:59:19,69.7,173.1,5.67,13.3,317,1.27,84.9,73.8,High_Load,77,0.847
CR125,2025-09-19 06:59:19,49.0,235.6,5.0,14.1,259,2.44,73.5,74.2,Maintenance_Alert,53,0.809
CR125,2025-09-19 05:59:19,54.1,224.3,4.73,8.9,208,1.17,79.8,76.2,Normal,35,0.826
CR125,2025-09-19 04:59:19,58.1,167.8,4.68,19.6,291,0.94,55.5,72.9,Maintenance_Alert,47,0.812
CR125,2025-09-19 03:59:19,51.0,254.1,4.95,19.8,252,2.06,67.9,77.5,Maintenance_Alert,66,0.81
CR125,2025-09-19 02:59:19,72.8,185.6,6.14,15.3,185,1.85,81.3,78.0,High_Load,50,0.886
CR125,2025-09-19 01:59:19,69.0,191.8,4.66,24.3,302,1.98,69.8,77.9,Normal,55,0.922
CR125,2025-09-19 00:59:19,58.6,203.0,4.66,16.8,213,0.82,49.2,77.1,Normal,29,0.885
CR125,2025-09-18 23:59:19,71.9,164.2,5.3,9.8,224,1.85,85.7,74.4,Maintenance_Alert,12,0.947
CR125,2025-09-18 22:59:19,63.7,203.0,5.92,15.0,274,1.19,80.1,74.4,Maintenance_Alert,69,0.971
CR125,2025-09-18 21:59:19,49.9,186.2,6.12,11.1,222,1.95,59.5,77.7,Maintenance_Alert,33,0.936
CR125,2025-09-18 20:59:19,61.1,190.5,4.78,12.3,272,1.23,72.3,75.2,High_Load,18,0.946
CR125,2025-09-18 19:59:19,61.1,219.3,5.95,10.6,190,2.11,70.6,77.1,Normal,15,0.977
CR125,2025-09-18 18:59:19,60.7,176.5,5.59,15.7,226,1.07,59.1,72.3,Maintenance_Alert,53,0.862
CR125,2025-09-18 17:59:19,39.9,198.7,4.83,8.1,216,1.46,56.1,76.0,Maintenance_Alert,7,0.818
CR125,2025-09-18 16:59:19,69.1,146.0,4.68,10.6,215,0.99,62.1,76.8,Maintenance_Alert,71,0.877
