Train_ID,Timestamp,Motor_Temperature_C,Motor_Current_A,Brake_Pressure_Bar,HVAC_Power_kW,Door_Cycles,Vibration_Level,Oil_Temperature_C,Battery_Voltage_V,Compressor_Status,GPS_Speed_kmh,Health_Score,Operational_Mode
CR101,2025-09-19 00:50:34,34.7,113.2,5.09,10.5,0,0.78,52.9,76.6,Normal,0.0,0.959,Stabled
CR101,2025-09-19 01:15:23,42.3,119.3,5.59,10.2,0,1.14,61.4,74.5,Normal,0.0,0.872,Stabled
CR101,2025-09-19 02:42:51,35.9,134.2,5.36,7.9,0,1.0,58.9,73.5,Normal,0.0,0.885,Stabled
CR101,2025-09-19 03:53:42,42.7,110.7,5.24,8.4,0,0.84,63.6,73.7,Normal,0.0,0.864,Stabled
CR101,2025-09-19 04:41:25,42.4,128.7,5.59,11.9,0,0.75,61.2,76.8,Normal,0.0,0.841,Stabled
CR101,2025-09-19 05:41:23,39.0,130.1,4.63,9.4,0,0.64,56.3,73.4,Normal,0.0,0.817,Stabled
CR101,2025-09-19 06:58:07,62.7,197.5,5.12,17.4,256,2.18,77.7,73.2,High_Load,63.0,0.929,Service
CR101,2025-09-19 07:30:26,63.7,193.0,5.26,19.7,162,2.55,76.4,75.0,High_Load,52.0,0.868,Service
CR101,2025-09-19 08:48:15,56.3,189.4,4.51,21.7,156,2.36,71.7,75.1,Normal,64.0,0.9,Service
CR101,2025-09-19 09:03:47,57.2,189.3,4.86,19.8,238,2.22,67.3,72.4,Normal,64.0,0.917,Service
CR101,2025-09-19 10:40:16,54.3,162.1,5.45,16.9,150,2.18,65.1,74.3,Normal,22.0,0.807,Service
CR101,2025-09-19 11:33:26,54.0,157.8,5.31,15.0,177,1.98,77.4,74.3,Normal,50.0,0.853,Service
CR101,2025-09-19 12:41:43,52.0,163.3,5.07,12.0,171,1.88,64.1,73.2,Normal,27.0,0.858,Service
CR101,2025-09-19 13:15:40,51.4,174.8,4.69,16.7,196,1.94,62.0,74.9,Normal,23.0,0.929,Service
CR101,2025-09-19 14:57:55,52.3,167.2,5.53,16.0,252,2.03,69.7,77.6,Normal,44.0,0.808,Service
CR101,2025-09-19 15:16:16,50.6,171.9,5.56,13.6,233,2.16,63.4,72.2,Normal,52.0,0.895,Service
CR101,2025-09-19 16:07:50,47.2,168.2,5.54,12.8,226,1.96,66.0,77.5,Normal,49.0,0.945,Service
CR101,2025-09-19 17:02:14,58.2,182.6,5.51,22.1,251,2.45,80.4,72.3,Normal,29.0,0.905,Service
CR101,2025-09-19 18:33:53,60.3,182.7,5.43,17.4,211,2.24,71.8,74.3,Normal,61.0,0.943,Service
CR101,2025-09-19 19:59:31,58.1,189.9,5.29,23.2,194,2.55,69.6,78.0,High_Load,52.0,0.93,Service
CR101,2025-09-19 20:25:42,63.1,190.6,5.28,22.1,155,2.33,84.3,72.3,High_Load,77.0,0.824,Service
CR101,2025-09-19 21:14:04,47.0,173.8,5.31,17.2,274,1.88,61.9,73.8,Normal,51.0,0.895,Service
CR101,2025-09-19 22:45:46,51.8,149.1,5.03,17.2,184,1.92,76.1,77.5,Normal,23.0,0.845,Service
CR101,2025-09-19 23:55:28,55.4,165.7,4.58,15.7,252,1.79,70.5,74.1,Normal,19.0,0.894,Service
CR102,2025-09-19 00:00:38,40.5,122.2,4.66,6.9,0,0.7,63.2,73.5,Normal,0.0,0.903,Stabled
CR102,2025-09-19 01:57:15,42.1,115.3,4.93,6.2,0,1.0,66.3,73.6,Normal,0.0,0.955,Stabled
CR102,2025-09-19 02:55:34,37.2,123.5,5.52,6.4,0,0.83,55.5,75.2,Normal,0.0,0.906,Stabled
CR102,2025-09-19 03:50:17,38.8,127.1,5.02,7.6,0,1.08,49.0,75.6,Normal,0.0,0.806,Stabled
CR102,2025-09-19 04:17:42,34.8,113.7,4.69,7.4,0,0.91,52.1,77.7,Normal,0.0,0.961,Stabled
CR102,2025-09-19 05:50:37,34.0,131.2,5.22,8.1,0,1.14,49.8,75.9,Normal,0.0,0.967,Stabled
CR102,2025-09-19 06:06:18,61.2,199.8,5.59,16.8,274,2.15,81.3,76.8,Normal,32.0,0.98,Service
CR102,2025-09-19 07:18:14,59.2,197.9,5.1,19.3,164,2.22,80.8,75.0,Normal,54.0,0.878,Service
CR102,2025-09-19 08:59:04,54.6,197.0,4.66,20.9,199,2.5,76.1,73.0,Normal,47.0,0.933,Service
CR102,2025-09-19 09:26:14,61.5,187.1,5.23,17.5,274,2.28,74.1,77.7,Normal,44.0,0.817,Service
CR102,2025-09-19 10:50:16,43.8,158.0,4.82,16.6,178,2.29,60.2,76.1,Normal,68.0,0.865,Service
CR102,2025-09-19 11:09:59,52.7,182.8,4.55,14.4,215,2.42,66.7,74.4,Normal,53.0,0.864,Service
CR102,2025-09-19 12:41:27,55.1,182.0,4.75,18.0,188,2.39,67.5,77.8,Normal,26.0,0.891,Service
CR102,2025-09-19 13:00:41,50.3,155.9,4.91,15.9,257,2.02,68.1,76.7,Normal,68.0,0.955,Service
CR102,2025-09-19 14:03:12,53.4,155.2,5.07,12.8,233,1.98,70.4,73.0,Normal,57.0,0.947,Service
CR102,2025-09-19 15:20:16,51.6,156.8,5.12,17.5,178,2.28,68.7,72.6,Normal,61.0,0.821,Service
CR102,2025-09-19 16:59:18,47.9,169.6,5.46,12.3,280,1.95,60.3,75.2,Normal,24.0,0.948,Service
CR102,2025-09-19 17:13:06,63.0,201.5,5.17,22.1,242,2.27,85.6,72.5,Normal,51.0,0.888,Service
CR102,2025-09-19 18:30:18,59.7,192.0,5.4,16.6,220,2.69,82.6,72.5,Normal,38.0,0.822,Service
CR102,2025-09-19 19:14:04,56.9,194.5,4.84,22.4,179,2.54,71.1,74.1,Normal,45.0,0.861,Service
CR102,2025-09-19 20:28:48,57.1,191.0,5.22,19.7,230,2.1,76.8,77.7,High_Load,62.0,0.933,Service
CR102,2025-09-19 21:03:40,52.1,172.5,4.74,14.4,255,2.15,64.4,73.0,Normal,57.0,0.924,Service
CR102,2025-09-19 22:49:27,47.2,153.8,5.53,15.8,171,2.13,65.5,74.2,Normal,43.0,0.814,Service
CR102,2025-09-19 23:12:52,47.1,155.8,5.28,13.0,276,2.27,64.6,76.7,Normal,55.0,0.826,Service
CR103,2025-09-19 00:45:55,32.7,131.0,4.87,11.1,0,0.74,48.6,76.1,Normal,0.0,0.939,Stabled
CR103,2025-09-19 01:11:54,41.3,124.9,5.34,10.2,0,0.61,54.1,74.1,Normal,0.0,0.937,Stabled
CR103,2025-09-19 02:40:19,39.4,133.8,4.81,9.5,0,1.17,50.6,73.4,Normal,0.0,0.895,Stabled
CR103,2025-09-19 03:25:40,42.2,114.5,4.95,10.7,0,0.96,55.3,76.6,Normal,0.0,0.9,Stabled
CR103,2025-09-19 04:17:50,33.6,124.4,5.13,10.1,0,0.8,47.7,76.7,Normal,0.0,0.957,Stabled
CR103,2025-09-19 05:20:45,36.5,124.6,5.05,10.9,0,0.86,58.7,77.8,Normal,0.0,0.921,Stabled
CR103,2025-09-19 06:25:06,58.7,189.0,4.71,21.3,158,2.46,68.9,76.8,Normal,40.0,0.858,Service
CR103,2025-09-19 07:49:08,55.8,205.0,4.9,17.2,152,2.08,74.9,77.2,Normal,46.0,0.958,Service
CR103,2025-09-19 08:35:09,62.8,184.1,5.49,21.4,225,2.1,82.3,73.0,Normal,72.0,0.924,Service
CR103,2025-09-19 09:17:31,61.5,201.2,4.68,21.2,262,2.34,78.2,75.5,Normal,61.0,0.967,Service
CR103,2025-09-19 10:06:01,47.6,146.1,4.5,13.2,277,2.45,72.3,78.0,Normal,52.0,0.948,Service
CR103,2025-09-19 11:19:31,45.6,157.0,5.13,17.2,150,1.95,62.6,75.6,Normal,35.0,0.904,Service
CR103,2025-09-19 12:06:56,55.4,187.1,4.9,18.5,237,2.13,75.9,76.1,Normal,32.0,0.909,Service
CR103,2025-09-19 13:25:32,49.9,170.7,5.01,15.6,217,2.02,64.6,76.9,Normal,65.0,0.891,Service
CR103,2025-09-19 14:11:21,50.1,186.1,4.56,17.9,166,2.25,69.0,73.7,Normal,63.0,0.837,Service
CR103,2025-09-19 15:33:42,53.0,169.8,4.96,14.9,269,1.98,77.0,73.8,Normal,21.0,0.853,Service
CR103,2025-09-19 16:47:38,53.8,171.8,4.59,15.5,272,2.26,67.9,72.6,Normal,36.0,0.83,Service
CR103,2025-09-19 17:30:37,53.7,182.2,4.73,18.8,244,2.13,66.8,72.3,Normal,66.0,0.889,Service
CR103,2025-09-19 18:34:43,58.4,200.0,4.72,16.5,246,2.27,80.5,73.1,Normal,74.0,0.889,Service
CR103,2025-09-19 19:23:08,56.6,196.1,5.02,18.8,158,2.61,66.9,72.6,Normal,58.0,0.97,Service
CR103,2025-09-19 20:29:05,57.9,184.8,5.36,19.7,234,2.65,74.5,73.3,Normal,32.0,0.91,Service
CR103,2025-09-19 21:05:07,51.0,170.2,5.35,15.1,264,1.97,62.3,76.1,Normal,41.0,0.851,Service
CR103,2025-09-19 22:42:26,48.5,149.4,5.19,17.1,235,2.16,70.1,77.4,Normal,46.0,0.806,Service
CR103,2025-09-19 23:53:11,46.2,174.9,4.54,17.1,227,1.57,71.2,73.0,Normal,32.0,0.917,Service
CR104,2025-09-19 00:51:32,34.7,130.8,4.82,9.2,0,0.94,49.8,73.4,Normal,0.0,0.947,Stabled
CR104,2025-09-19 01:53:13,32.1,124.4,4.77,10.2,0,0.66,54.8,77.1,Normal,0.0,0.803,Stabled
CR104,2025-09-19 02:12:28,36.7,130.5,5.13,7.0,0,0.74,52.3,72.9,Normal,0.0,0.822,Stabled
CR104,2025-09-19 03:07:31,37.3,116.0,4.88,9.2,0,1.08,50.4,74.3,Normal,0.0,0.901,Stabled
CR104,2025-09-19 04:41:23,37.3,112.9,5.42,8.4,0,1.05,53.9,77.7,Normal,0.0,0.939,Stabled
CR104,2025-09-19 05:35:41,41.9,123.3,4.53,11.3,0,1.17,57.4,74.4,Normal,0.0,0.958,Stabled
CR104,2025-09-19 06:22:24,57.3,197.7,4.65,21.2,233,2.4,70.1,74.9,Normal,23.0,0.979,Service
CR104,2025-09-19 07:23:34,58.8,184.2,5.4,20.0,242,2.29,83.5,73.2,Normal,63.0,0.978,Service
CR104,2025-09-19 08:40:26,63.9,195.4,4.89,21.6,258,2.18,75.9,76.0,Normal,53.0,0.975,Service
CR104,2025-09-19 09:29:04,64.1,185.2,4.6,19.8,267,2.1,80.0,76.3,Normal,64.0,0.871,Service
CR104,2025-09-19 10:52:33,49.7,158.2,4.57,16.9,249,2.17,62.2,73.8,Normal,37.0,0.956,Service
CR104,2025-09-19 11:04:28,57.4,164.9,5.01,17.5,199,2.24,76.5,77.4,Normal,30.0,0.802,Service
CR104,2025-09-19 12:06:41,50.8,159.2,5.42,16.1,205,2.23,67.7,76.7,Normal,32.0,0.885,Service
CR104,2025-09-19 13:05:08,45.6,152.4,5.18,14.7,276,2.24,62.2,76.4,Normal,59.0,0.897,Service
CR104,2025-09-19 14:59:30,57.1,172.5,5.51,19.5,272,2.01,72.8,72.5,Normal,21.0,0.86,Service
CR104,2025-09-19 15:46:30,58.5,165.3,4.7,14.8,229,2.44,79.8,75.8,Normal,44.0,0.927,Service
CR104,2025-09-19 16:53:39,48.5,176.0,4.81,16.1,193,2.32,66.3,72.7,Normal,56.0,0.803,Service
CR104,2025-09-19 17:10:02,56.6,180.8,5.27,20.4,238,2.53,73.8,73.2,Normal,42.0,0.906,Service
CR104,2025-09-19 18:47:31,58.2,190.4,5.41,20.5,242,2.19,75.2,77.5,High_Load,53.0,0.822,Service
CR104,2025-09-19 19:00:04,58.7,197.6,4.56,17.9,163,2.07,74.1,75.0,Normal,36.0,0.813,Service
CR104,2025-09-19 20:38:47,57.2,188.3,4.78,21.2,216,2.67,75.2,75.9,Normal,40.0,0.828,Service
CR104,2025-09-19 21:22:17,52.1,149.0,5.06,14.9,265,2.33,75.4,76.5,Normal,29.0,0.98,Service
CR104,2025-09-19 22:31:07,50.9,167.7,5.5,13.7,171,1.88,68.6,74.3,Normal,39.0,0.833,Service
CR104,2025-09-19 23:33:24,49.8,166.6,4.66,14.9,240,1.66,67.9,72.2,Normal,20.0,0.843,Service
CR105,2025-09-19 00:22:52,34.2,130.6,5.36,9.5,0,1.08,47.9,77.9,Normal,0.0,0.96,Stabled
CR105,2025-09-19 01:02:42,33.5,134.4,4.77,7.9,0,0.78,48.3,75.5,Normal,0.0,0.884,Stabled
CR105,2025-09-19 02:37:27,33.9,127.1,5.1,9.2,0,0.89,54.6,76.1,Normal,0.0,0.814,Stabled
CR105,2025-09-19 03:52:10,36.0,125.5,5.22,11.9,0,0.89,53.4,72.6,Normal,0.0,0.908,Stabled
CR105,2025-09-19 04:07:06,40.0,112.0,4.79,7.1,0,0.74,58.0,72.7,Normal,0.0,0.935,Stabled
CR105,2025-09-19 05:24:39,37.9,122.8,5.39,8.9,0,0.65,60.5,76.8,Normal,0.0,0.941,Stabled
CR105,2025-09-19 06:45:11,61.4,189.8,5.2,21.0,152,2.62,74.5,76.2,Normal,25.0,0.921,Service
CR105,2025-09-19 07:50:57,65.0,201.1,4.83,22.7,169,2.54,81.2,75.6,Normal,38.0,0.891,Service
CR105,2025-09-19 08:18:29,61.5,186.0,5.39,19.3,260,2.44,75.9,77.5,Normal,58.0,0.953,Service
CR105,2025-09-19 09:28:06,57.2,183.6,4.94,20.5,190,2.26,79.9,74.6,Normal,50.0,0.861,Service
CR105,2025-09-19 10:09:41,49.5,153.2,4.58,17.2,199,2.19,69.7,76.6,Normal,45.0,0.87,Service
CR105,2025-09-19 11:16:39,52.2,145.3,5.18,16.2,158,2.24,71.8,74.1,Normal,49.0,0.862,Service
CR105,2025-09-19 12:50:19,45.6,152.2,5.38,16.2,216,1.93,61.3,76.7,Normal,60.0,0.832,Service
CR105,2025-09-19 13:28:15,56.7,164.8,5.31,15.6,187,2.22,75.8,72.5,Normal,42.0,0.928,Service
CR105,2025-09-19 14:51:38,53.6,150.5,5.23,11.6,189,2.22,70.4,73.5,Normal,56.0,0.817,Service
CR105,2025-09-19 15:46:10,50.9,153.1,5.27,16.9,242,2.4,70.4,73.1,Normal,35.0,0.965,Service
CR105,2025-09-19 16:50:56,57.4,182.7,4.64,15.9,210,2.44,68.9,72.4,Normal,38.0,0.812,Service
CR105,2025-09-19 17:23:21,58.5,198.6,5.1,17.3,213,2.2,73.1,75.3,Normal,46.0,0.929,Service
CR105,2025-09-19 18:14:09,59.6,186.0,5.23,19.3,260,2.34,77.0,76.8,Normal,61.0,0.956,Service
CR105,2025-09-19 19:43:22,59.6,190.0,5.3,20.6,155,2.13,81.0,74.0,Normal,65.0,0.878,Service
CR105,2025-09-19 20:39:16,60.6,209.2,5.48,22.1,226,2.4,81.1,76.4,Normal,60.0,0.936,Service
CR105,2025-09-19 21:43:39,47.6,169.2,4.99,11.6,171,2.06,71.2,73.3,Normal,40.0,0.978,Service
CR105,2025-09-19 22:30:13,46.3,144.4,4.99,10.3,278,2.2,66.7,72.8,Normal,60.0,0.964,Service
CR105,2025-09-19 23:44:39,44.3,148.3,4.89,10.9,229,2.24,66.7,73.1,Normal,56.0,0.838,Service
CR106,2025-09-19 00:25:27,32.7,117.6,4.62,11.2,0,0.96,44.3,77.5,Normal,0.0,0.928,Stabled
CR106,2025-09-19 01:34:26,34.9,127.6,5.45,7.8,0,0.62,52.3,76.4,Normal,0.0,0.805,Stabled
CR106,2025-09-19 02:11:41,39.7,121.8,5.37,7.0,0,1.18,57.2,76.8,Normal,0.0,0.944,Stabled
CR106,2025-09-19 03:47:20,35.4,111.3,5.57,9.9,0,0.84,48.2,77.3,Normal,0.0,0.897,Stabled
CR106,2025-09-19 04:28:12,36.8,110.7,5.17,7.5,0,0.61,49.8,72.9,Normal,0.0,0.954,Stabled
CR106,2025-09-19 05:29:13,32.6,134.0,5.54,8.0,0,0.8,54.4,73.8,Normal,0.0,0.822,Stabled
CR106,2025-09-19 06:36:58,59.1,195.2,4.67,16.3,204,2.29,79.5,76.8,Normal,62.0,0.974,Service
CR106,2025-09-19 07:42:24,56.4,186.0,4.9,17.0,153,2.16,69.4,75.3,Normal,43.0,0.947,Service
CR106,2025-09-19 08:59:06,58.3,194.8,5.5,20.1,152,2.36,79.7,73.8,Normal,45.0,0.951,Service
CR106,2025-09-19 09:16:44,57.1,186.4,5.3,17.9,222,2.12,71.7,76.7,Normal,43.0,0.882,Service
CR106,2025-09-19 10:04:14,54.1,187.8,4.9,16.3,163,2.09,75.2,77.5,Normal,53.0,0.964,Service
CR106,2025-09-19 11:06:42,56.2,172.5,4.86,14.1,166,1.84,79.6,72.6,Normal,20.0,0.919,Service
CR106,2025-09-19 12:44:20,54.8,179.8,4.51,14.4,169,1.79,65.2,74.8,Normal,25.0,0.891,Service
CR106,2025-09-19 13:41:49,54.0,178.2,4.94,15.0,247,2.28,64.9,73.9,Normal,67.0,0.939,Service
CR106,2025-09-19 14:50:49,51.2,169.2,5.19,20.3,273,1.71,73.7,74.2,Normal,20.0,0.881,Service
CR106,2025-09-19 15:29:53,48.1,146.8,5.15,12.6,210,2.38,68.3,76.4,Normal,39.0,0.807,Service
CR106,2025-09-19 16:07:03,49.0,162.3,5.44,18.8,202,2.06,61.2,77.9,Normal,36.0,0.856,Service
CR106,2025-09-19 17:40:20,58.9,206.3,4.57,20.5,208,2.46,69.2,72.4,High_Load,23.0,0.858,Service
CR106,2025-09-19 18:45:58,59.9,204.4,4.85,19.5,166,2.45,75.6,72.9,Normal,77.0,0.867,Service
CR106,2025-09-19 19:17:45,54.2,191.6,4.54,18.3,277,2.25,77.3,72.6,Normal,26.0,0.856,Service
CR106,2025-09-19 20:51:02,55.6,197.1,5.11,22.4,254,2.53,74.2,74.0,Normal,42.0,0.856,Service
CR106,2025-09-19 21:20:10,50.4,146.2,4.61,15.9,165,2.31,75.4,74.2,Normal,24.0,0.848,Service
CR106,2025-09-19 22:30:45,48.6,166.4,5.14,18.1,248,2.03,60.5,74.9,Normal,43.0,0.899,Service
CR106,2025-09-19 23:00:42,44.4,151.5,4.83,14.3,254,2.08,68.7,74.0,Normal,35.0,0.928,Service
CR107,2025-09-19 00:21:30,32.4,116.6,4.75,10.6,0,0.62,51.6,77.2,Normal,0.0,0.822,Stabled
CR107,2025-09-19 01:31:46,32.1,124.2,5.1,6.6,0,0.97,54.3,75.2,Normal,0.0,0.928,Stabled
CR107,2025-09-19 02:58:22,40.2,118.1,5.34,9.9,0,0.91,57.4,75.0,Normal,0.0,0.971,Stabled
CR107,2025-09-19 03:06:37,33.7,116.4,4.6,11.7,0,0.95,43.8,73.3,Normal,0.0,0.936,Stabled
CR107,2025-09-19 04:40:56,37.1,113.1,4.98,11.3,0,1.07,49.4,75.3,Normal,0.0,0.945,Stabled
CR107,2025-09-19 05:12:28,40.4,134.3,5.45,11.7,0,0.88,63.6,77.4,Normal,0.0,0.861,Stabled
CR107,2025-09-19 06:59:57,56.4,198.6,4.53,21.4,190,2.3,73.5,73.6,Normal,52.0,0.804,Service
CR107,2025-09-19 07:46:30,53.8,176.6,5.34,17.6,230,2.21,75.3,72.6,Normal,61.0,0.828,Service
CR107,2025-09-19 08:47:47,58.0,205.3,5.19,20.6,256,2.51,76.1,76.2,Normal,47.0,0.816,Service
CR107,2025-09-19 09:47:40,62.3,192.3,5.1,21.0,205,2.51,83.5,72.8,Normal,70.0,0.877,Service
CR107,2025-09-19 10:39:59,54.2,167.3,5.37,16.7,160,2.05,66.7,74.4,Normal,36.0,0.917,Service
CR107,2025-09-19 11:38:01,50.5,181.2,4.79,17.9,248,2.06,68.1,73.0,Normal,31.0,0.847,Service
CR107,2025-09-19 12:41:14,51.2,183.2,4.72,15.7,163,2.49,63.3,76.3,Normal,46.0,0.932,Service
CR107,2025-09-19 13:26:29,53.1,181.4,5.47,18.5,162,2.25,68.6,75.1,Normal,29.0,0.832,Service
CR107,2025-09-19 14:28:51,49.6,162.1,5.14,13.9,267,2.15,61.2,73.6,Normal,34.0,0.907,Service
CR107,2025-09-19 15:22:58,43.4,162.5,5.54,11.4,189,1.99,60.8,75.9,Normal,20.0,0.865,Service
CR107,2025-09-19 16:29:38,49.2,162.1,4.78,17.0,217,2.15,60.0,73.0,Normal,34.0,0.946,Service
CR107,2025-09-19 17:11:20,64.5,205.6,4.8,18.5,242,2.59,77.3,75.6,Normal,36.0,0.802,Service
CR107,2025-09-19 18:24:54,58.7,177.3,5.11,19.2,243,2.28,79.9,75.0,Normal,44.0,0.849,Service
CR107,2025-09-19 19:05:11,59.0,205.5,4.55,17.4,152,2.55,73.9,77.3,Normal,46.0,0.944,Service
CR107,2025-09-19 20:21:50,54.2,185.4,5.26,21.1,249,2.45,75.8,76.1,Normal,62.0,0.876,Service
CR107,2025-09-19 21:32:32,51.5,138.8,4.86,11.0,237,2.04,68.5,77.6,Normal,55.0,0.832,Service
CR107,2025-09-19 22:59:06,56.6,168.1,5.46,16.4,268,1.62,80.6,74.1,Normal,18.0,0.903,Service
CR107,2025-09-19 23:06:16,42.5,159.7,4.75,13.1,247,2.2,63.7,77.0,Normal,29.0,0.858,Service
CR108,2025-09-19 00:02:28,38.3,118.5,5.35,6.9,0,1.07,53.8,76.8,Normal,0.0,0.951,Stabled
CR108,2025-09-19 01:13:10,34.6,123.5,4.82,11.6,0,1.11,48.3,77.5,Normal,0.0,0.944,Stabled
CR108,2025-09-19 02:18:26,39.4,125.9,4.5,7.8,0,0.63,50.6,77.4,Normal,0.0,0.925,Stabled
CR108,2025-09-19 03:39:48,35.3,111.8,4.74,7.6,0,0.74,49.0,76.5,Normal,0.0,0.881,Stabled
CR108,2025-09-19 04:02:08,37.1,129.4,4.64,10.8,0,0.66,53.9,76.7,Normal,0.0,0.831,Stabled
CR108,2025-09-19 05:16:48,32.5,111.0,4.99,8.3,0,1.09,50.2,76.1,Normal,0.0,0.827,Stabled
CR108,2025-09-19 06:20:15,52.2,193.2,5.27,20.0,223,2.42,71.8,74.2,Normal,49.0,0.841,Service
CR108,2025-09-19 07:31:29,60.6,183.8,5.26,21.9,172,2.47,83.6,78.0,Normal,59.0,0.886,Service
CR108,2025-09-19 08:33:07,60.5,195.1,5.48,21.3,247,2.48,74.7,77.5,Normal,28.0,0.902,Service
CR108,2025-09-19 09:59:45,61.9,199.9,5.03,20.4,190,2.37,80.6,73.2,Normal,29.0,0.874,Service
CR108,2025-09-19 10:17:17,47.8,182.8,4.67,19.1,177,2.29,64.7,77.2,Normal,27.0,0.885,Service
CR108,2025-09-19 11:48:42,50.4,174.0,5.38,14.6,268,2.07,69.1,74.9,Normal,28.0,0.875,Service
CR108,2025-09-19 12:55:03,56.6,176.9,4.67,17.1,260,2.27,74.4,75.4,Normal,33.0,0.966,Service
CR108,2025-09-19 13:49:40,51.4,175.4,5.0,16.2,217,1.98,70.5,72.5,Normal,30.0,0.828,Service
CR108,2025-09-19 14:11:44,57.3,167.8,5.15,14.9,247,2.38,75.9,75.3,Normal,32.0,0.971,Service
CR108,2025-09-19 15:52:22,45.7,167.4,4.84,12.1,268,1.91,59.2,75.3,Normal,43.0,0.944,Service
CR108,2025-09-19 16:35:15,48.3,182.5,4.52,19.7,222,2.31,62.5,76.0,Normal,63.0,0.917,Service
CR108,2025-09-19 17:49:21,64.1,186.0,4.77,20.5,151,2.24,83.6,74.0,Normal,32.0,0.913,Service
CR108,2025-09-19 18:36:54,59.8,199.4,5.31,18.9,261,2.25,71.7,76.2,Normal,38.0,0.947,Service
CR108,2025-09-19 19:33:44,62.9,197.8,5.22,20.8,183,2.34,79.8,76.8,Normal,59.0,0.842,Service
CR108,2025-09-19 20:26:21,56.1,182.0,5.39,20.0,154,2.53,71.3,72.3,Normal,42.0,0.886,Service
CR108,2025-09-19 21:09:52,48.9,156.3,4.69,10.6,190,1.81,61.8,77.8,Normal,27.0,0.812,Service
CR108,2025-09-19 22:44:41,49.3,164.4,5.21,14.6,190,1.9,66.1,72.4,Normal,20.0,0.954,Service
CR108,2025-09-19 23:31:25,56.1,154.1,5.31,14.1,156,1.91,77.8,74.3,Normal,60.0,0.882,Service
CR109,2025-09-19 00:56:09,37.1,121.1,4.6,11.9,0,1.09,61.9,72.3,Normal,0.0,0.968,Stabled
CR109,2025-09-19 01:52:39,38.7,121.4,4.94,10.2,0,0.8,55.4,74.2,Normal,0.0,0.923,Stabled
CR109,2025-09-19 02:01:45,36.2,114.3,4.76,10.8,0,1.19,56.0,77.8,Normal,0.0,0.922,Stabled
CR109,2025-09-19 03:51:46,33.2,132.4,4.6,9.6,0,1.14,43.4,73.4,Normal,0.0,0.931,Stabled
CR109,2025-09-19 04:58:05,36.8,120.6,4.83,7.0,0,0.66,47.9,76.4,Normal,0.0,0.85,Stabled
CR109,2025-09-19 05:45:49,33.0,129.8,4.57,9.3,0,0.87,53.5,77.1,Normal,0.0,0.905,Stabled
CR109,2025-09-19 06:19:33,54.1,183.6,4.76,16.1,157,2.3,78.0,73.3,Normal,74.0,0.963,Service
CR109,2025-09-19 07:23:32,60.8,187.2,4.77,20.3,228,2.54,85.0,76.9,Normal,69.0,0.844,Service
CR109,2025-09-19 08:53:45,53.9,183.4,4.71,21.0,158,2.57,75.8,72.2,Normal,31.0,0.954,Service
CR109,2025-09-19 09:08:01,58.0,187.7,5.4,18.2,263,2.14,78.9,77.7,Normal,68.0,0.964,Service
CR109,2025-09-19 10:59:57,48.3,173.3,5.33,15.8,153,2.17,63.2,74.5,Normal,56.0,0.927,Service
CR109,2025-09-19 11:53:33,46.4,159.8,4.97,15.6,256,1.81,65.3,72.1,Normal,27.0,0.978,Service
CR109,2025-09-19 12:13:59,53.7,169.1,4.78,16.2,218,1.89,72.9,76.0,Normal,36.0,0.954,Service
CR109,2025-09-19 13:36:48,57.7,176.0,5.44,15.6,174,2.33,80.3,73.5,Normal,61.0,0.832,Service
CR109,2025-09-19 14:23:01,56.1,180.6,5.31,17.9,212,2.09,66.2,73.4,Normal,33.0,0.918,Service
CR109,2025-09-19 15:12:18,55.1,170.4,4.6,18.9,186,2.47,72.2,72.7,Normal,24.0,0.885,Service
CR109,2025-09-19 16:10:39,46.6,146.1,4.57,11.8,235,2.42,69.8,74.0,Normal,52.0,0.858,Service
CR109,2025-09-19 17:40:04,52.8,190.2,5.13,21.1,151,2.19,67.7,75.5,Normal,65.0,0.977,Service
CR109,2025-09-19 18:14:57,57.8,186.1,4.78,18.1,164,2.5,72.6,75.6,Normal,74.0,0.915,Service
CR109,2025-09-19 19:30:16,63.6,194.6,5.07,18.6,225,2.05,87.7,73.3,Normal,26.0,0.843,Service
CR109,2025-09-19 20:24:43,58.1,176.2,5.2,16.8,273,2.59,72.8,73.1,Normal,41.0,0.945,Service
CR109,2025-09-19 21:16:03,45.6,147.6,4.65,13.2,260,2.03,70.3,75.1,Normal,20.0,0.879,Service
CR109,2025-09-19 22:26:12,42.7,144.8,4.76,15.7,268,2.15,52.8,76.4,Normal,62.0,0.89,Service
CR109,2025-09-19 23:24:30,41.5,142.3,5.22,12.4,195,1.9,63.3,73.0,Normal,54.0,0.867,Service
CR110,2025-09-19 00:36:30,38.6,111.9,4.9,7.3,0,1.04,55.0,76.8,Normal,0.0,0.87,Stabled
CR110,2025-09-19 01:10:18,32.6,111.2,4.78,6.0,0,0.9,56.7,72.3,Normal,0.0,0.954,Stabled
CR110,2025-09-19 02:18:41,42.7,124.8,4.86,9.5,0,0.87,54.2,74.5,Normal,0.0,0.941,Stabled
CR110,2025-09-19 03:29:41,41.1,130.5,5.03,9.4,0,0.7,55.0,74.5,Normal,0.0,0.949,Stabled
CR110,2025-09-19 04:17:21,38.4,128.0,5.09,7.7,0,0.93,63.3,75.8,Normal,0.0,0.844,Stabled
CR110,2025-09-19 05:13:56,41.1,130.3,4.62,8.7,0,0.62,51.9,74.5,Normal,0.0,0.913,Stabled
CR110,2025-09-19 06:29:31,58.4,204.7,5.17,20.4,185,2.47,78.1,76.0,Normal,46.0,0.973,Service
CR110,2025-09-19 07:53:48,53.0,175.6,4.83,19.1,205,2.55,64.9,75.4,Normal,35.0,0.82,Service
CR110,2025-09-19 08:39:12,54.9,197.7,4.87,20.5,204,2.43,79.4,77.1,Normal,65.0,0.917,Service
CR110,2025-09-19 09:34:41,55.4,183.9,4.92,18.5,261,2.49,79.2,77.0,Normal,41.0,0.851,Service
CR110,2025-09-19 10:36:18,56.4,184.2,5.55,19.6,212,1.94,77.4,74.4,Normal,37.0,0.929,Service
CR110,2025-09-19 11:51:00,57.0,167.6,5.27,17.2,205,2.18,68.7,73.6,Normal,42.0,0.922,Service
CR110,2025-09-19 12:40:33,53.7,156.7,5.6,16.2,265,2.06,76.8,73.5,Normal,39.0,0.92,Service
CR110,2025-09-19 13:25:38,55.7,181.8,5.24,18.2,185,1.75,75.8,72.8,Normal,37.0,0.809,Service
CR110,2025-09-19 14:15:53,52.3,168.4,5.01,16.9,217,1.87,72.3,73.4,Normal,31.0,0.87,Service
CR110,2025-09-19 15:06:25,57.3,171.3,5.48,14.9,254,2.2,78.3,74.7,Normal,63.0,0.965,Service
CR110,2025-09-19 16:51:15,52.4,170.7,4.85,19.1,278,2.05,67.6,73.0,Normal,54.0,0.841,Service
CR110,2025-09-19 17:39:20,56.5,198.4,5.44,19.9,259,2.16,70.1,75.1,Normal,31.0,0.964,Service
CR110,2025-09-19 18:26:10,58.4,183.8,5.54,17.3,218,2.15,76.0,74.4,Normal,50.0,0.968,Service
CR110,2025-09-19 19:39:49,55.2,199.6,5.05,16.2,198,2.59,72.7,73.0,Normal,51.0,0.963,Service
CR110,2025-09-19 20:56:45,57.8,194.5,5.02,20.5,159,2.42,68.8,76.8,Normal,36.0,0.945,Service
CR110,2025-09-19 21:07:59,49.3,156.3,4.65,14.4,224,1.79,71.5,74.5,Normal,51.0,0.871,Service
CR110,2025-09-19 22:24:19,47.2,136.7,5.48,13.8,165,1.68,69.1,73.6,Normal,30.0,0.95,Service
CR110,2025-09-19 23:20:52,47.2,171.1,5.07,15.1,161,1.88,64.2,73.5,Normal,32.0,0.956,Service
CR111,2025-09-19 00:25:00,34.9,128.0,5.36,7.7,0,1.03,47.9,74.7,Normal,0.0,0.85,Stabled
CR111,2025-09-19 01:56:07,39.9,131.8,5.46,9.8,0,0.82,54.9,76.3,Normal,0.0,0.98,Stabled
CR111,2025-09-19 02:13:43,38.3,126.4,4.52,11.1,0,1.19,50.9,76.6,Normal,0.0,0.929,Stabled
CR111,2025-09-19 03:27:33,41.9,116.0,4.85,10.3,0,1.12,65.9,74.9,Normal,0.0,0.905,Stabled
CR111,2025-09-19 04:19:03,36.7,132.1,4.67,8.2,0,1.11,46.8,76.4,Normal,0.0,0.967,Stabled
CR111,2025-09-19 05:33:22,36.0,125.7,5.03,10.2,0,0.68,48.9,75.6,Normal,0.0,0.927,Stabled
CR111,2025-09-19 06:19:43,58.6,203.9,4.61,19.4,190,2.28,69.5,75.4,High_Load,67.0,0.959,Service
CR111,2025-09-19 07:05:12,58.9,197.3,5.24,20.4,266,2.1,72.8,73.3,Normal,33.0,0.928,Service
CR111,2025-09-19 08:13:29,63.5,182.7,4.54,22.6,208,2.21,79.2,72.8,High_Load,39.0,0.921,Service
CR111,2025-09-19 09:46:06,62.4,205.7,4.56,19.5,268,2.62,79.6,73.4,High_Load,33.0,0.939,Service
CR111,2025-09-19 10:40:14,54.3,174.0,5.2,14.7,180,2.32,74.0,77.9,Normal,20.0,0.944,Service
CR111,2025-09-19 11:05:20,52.5,165.0,5.49,17.6,248,1.82,74.0,76.4,Normal,39.0,0.811,Service
CR111,2025-09-19 12:55:22,53.7,151.8,5.54,14.7,183,2.25,72.3,75.9,Normal,54.0,0.895,Service
CR111,2025-09-19 13:01:50,46.2,174.9,5.46,13.1,225,2.0,58.8,73.0,Normal,38.0,0.861,Service
CR111,2025-09-19 14:22:43,49.3,161.2,5.26,17.3,193,2.12,68.4,75.9,Normal,21.0,0.866,Service
CR111,2025-09-19 15:21:40,53.1,184.3,4.82,16.0,269,1.76,66.9,72.1,Normal,20.0,0.931,Service
CR111,2025-09-19 16:07:49,48.7,177.8,4.9,15.6,163,2.01,64.5,76.6,Normal,56.0,0.949,Service
CR111,2025-09-19 17:51:25,60.4,201.9,5.59,20.4,217,2.31,80.1,75.9,Normal,25.0,0.91,Service
CR111,2025-09-19 18:57:12,60.6,203.8,4.89,21.8,219,2.08,84.7,74.5,Normal,54.0,0.936,Service
CR111,2025-09-19 19:52:59,62.1,190.8,5.38,21.4,231,2.36,75.0,75.1,Normal,51.0,0.824,Service
CR111,2025-09-19 20:17:43,58.9,187.3,4.56,18.0,168,2.21,80.6,73.5,High_Load,60.0,0.87,Service
CR111,2025-09-19 21:48:16,51.6,163.2,5.4,14.0,156,1.88,73.1,77.5,Normal,17.0,0.978,Service
CR111,2025-09-19 22:05:34,55.2,168.4,5.44,13.1,188,2.11,76.0,77.0,Normal,19.0,0.972,Service
CR111,2025-09-19 23:09:47,45.6,173.1,4.81,13.8,186,2.08,57.0,75.1,Normal,36.0,0.921,Service
CR112,2025-09-19 00:42:56,35.4,132.6,5.56,9.2,0,0.91,50.1,74.1,Normal,0.0,0.81,Stabled
CR112,2025-09-19 01:06:08,37.7,129.7,5.49,8.8,0,0.95,62.7,72.3,Normal,0.0,0.805,Stabled
CR112,2025-09-19 02:24:14,32.0,123.9,4.72,9.4,0,0.78,48.1,73.4,Normal,0.0,0.931,Stabled
CR112,2025-09-19 03:07:54,35.1,128.0,4.71,9.3,0,1.05,48.6,75.0,Normal,0.0,0.962,Stabled
CR112,2025-09-19 04:20:57,32.6,119.5,4.96,7.7,0,0.77,47.7,75.4,Normal,0.0,0.913,Stabled
CR112,2025-09-19 05:32:27,41.5,131.1,4.74,7.1,0,0.97,63.6,75.9,Normal,0.0,0.833,Stabled
CR112,2025-09-19 06:04:41,61.0,198.2,5.46,18.7,152,2.11,76.9,76.1,Normal,53.0,0.91,Service
CR112,2025-09-19 07:06:30,57.5,189.4,5.01,19.6,203,2.17,74.7,75.3,Normal,36.0,0.867,Service
CR112,2025-09-19 08:32:02,64.3,204.7,4.92,18.0,242,2.01,81.1,74.8,High_Load,31.0,0.953,Service
CR112,2025-09-19 09:09:51,57.9,186.8,4.56,17.2,160,2.38,76.0,77.6,Normal,73.0,0.976,Service
CR112,2025-09-19 10:18:46,52.6,184.3,4.59,16.6,199,2.19,68.4,75.6,Normal,40.0,0.874,Service
CR112,2025-09-19 11:52:39,52.5,174.3,4.61,17.3,253,2.2,73.9,77.3,Normal,60.0,0.88,Service
CR112,2025-09-19 12:24:38,50.6,157.2,5.56,15.2,278,1.83,68.7,77.7,Normal,46.0,0.881,Service
CR112,2025-09-19 13:37:59,48.6,177.6,5.55,17.3,230,2.12,73.2,72.9,Normal,26.0,0.9,Service
CR112,2025-09-19 14:48:08,44.9,154.6,5.2,12.8,267,2.27,67.7,73.6,Normal,40.0,0.857,Service
CR112,2025-09-19 15:07:35,43.1,156.2,4.56,12.4,264,1.87,57.5,76.3,Normal,41.0,0.965,Service
CR112,2025-09-19 16:22:44,56.9,164.2,5.55,18.3,255,2.11,80.7,72.9,Normal,35.0,0.929,Service
CR112,2025-09-19 17:30:01,62.1,194.5,5.54,19.1,255,2.42,85.2,72.9,High_Load,41.0,0.846,Service
CR112,2025-09-19 18:36:21,59.1,186.8,4.59,19.8,262,2.36,76.7,73.0,Normal,36.0,0.881,Service
CR112,2025-09-19 19:20:45,63.0,191.9,4.83,17.1,223,2.48,78.6,76.8,Normal,61.0,0.955,Service
CR112,2025-09-19 20:22:13,60.3,203.8,5.35,21.2,222,2.48,78.3,72.7,High_Load,76.0,0.945,Service
CR112,2025-09-19 21:26:00,50.3,142.5,5.41,12.9,172,1.8,67.8,76.3,Normal,41.0,0.844,Service
CR112,2025-09-19 22:59:28,43.7,150.8,4.65,16.5,209,2.14,54.3,72.4,Normal,50.0,0.949,Service
CR112,2025-09-19 23:13:22,53.5,179.1,4.55,16.1,174,1.52,64.3,75.4,Normal,27.0,0.952,Service
CR113,2025-09-19 00:23:24,32.4,116.6,5.44,8.5,0,1.03,49.4,77.6,Normal,0.0,0.923,Stabled
CR113,2025-09-19 01:16:20,40.7,112.7,5.58,7.5,0,0.8,64.0,74.5,Normal,0.0,0.954,Stabled
CR113,2025-09-19 02:54:05,34.3,121.8,5.21,9.1,0,0.97,48.0,73.2,Normal,0.0,0.969,Stabled
CR113,2025-09-19 03:15:25,38.5,115.7,5.07,11.7,0,0.7,58.8,75.0,Normal,0.0,0.904,Stabled
CR113,2025-09-19 04:23:46,40.4,110.2,5.18,10.5,0,0.86,50.6,76.9,Normal,0.0,0.881,Stabled
CR113,2025-09-19 05:11:55,34.6,114.6,5.31,8.3,0,1.01,51.6,75.6,Normal,0.0,0.874,Stabled
CR113,2025-09-19 06:07:07,57.6,204.3,4.77,17.8,231,2.37,67.9,77.6,Normal,59.0,0.965,Service
CR113,2025-09-19 07:06:21,63.3,192.2,5.28,18.4,158,2.12,81.7,77.4,Normal,41.0,0.943,Service
CR113,2025-09-19 08:10:45,53.1,195.5,5.54,20.3,272,2.35,75.9,77.8,Normal,23.0,0.925,Service
CR113,2025-09-19 09:28:53,63.0,197.4,4.83,22.6,214,2.47,77.8,74.3,Normal,35.0,0.914,Service
CR113,2025-09-19 10:03:00,46.0,155.1,5.13,12.5,168,2.47,68.8,77.5,Normal,37.0,0.97,Service
CR113,2025-09-19 11:55:54,49.1,164.1,4.61,16.8,212,2.19,71.7,76.5,Normal,38.0,0.853,Service
CR113,2025-09-19 12:15:14,46.2,152.3,4.85,15.4,235,2.2,59.9,77.4,Normal,40.0,0.902,Service
CR113,2025-09-19 13:03:28,46.2,164.3,5.27,12.8,183,2.35,60.1,77.5,Normal,46.0,0.844,Service
CR113,2025-09-19 14:23:48,46.4,157.3,4.61,13.5,172,2.22,60.7,76.0,Normal,40.0,0.817,Service
CR113,2025-09-19 15:04:04,56.8,182.5,4.61,15.0,259,2.43,71.8,73.1,Normal,42.0,0.934,Service
CR113,2025-09-19 16:05:25,54.7,180.9,4.78,15.5,200,2.26,68.1,76.2,Normal,21.0,0.832,Service
CR113,2025-09-19 17:46:22,58.6,179.9,5.24,20.1,226,2.4,79.4,77.1,Normal,63.0,0.879,Service
CR113,2025-09-19 18:43:45,60.9,190.7,5.25,17.3,236,2.54,77.9,73.8,Normal,63.0,0.912,Service
CR113,2025-09-19 19:48:14,61.6,183.3,4.87,19.5,216,2.36,83.2,76.8,Normal,35.0,0.897,Service
CR113,2025-09-19 20:42:32,55.3,199.0,5.06,16.0,273,2.14,70.6,76.3,Normal,37.0,0.969,Service
CR113,2025-09-19 21:56:49,48.9,156.9,4.84,10.5,160,1.97,70.1,77.8,Normal,39.0,0.976,Service
CR113,2025-09-19 22:46:43,46.1,160.7,5.14,12.2,219,2.31,66.5,74.5,Normal,54.0,0.841,Service
CR113,2025-09-19 23:42:37,46.9,156.1,5.46,13.4,224,1.73,62.1,74.6,Normal,56.0,0.884,Service
CR114,2025-09-19 00:43:10,40.6,131.1,5.03,10.2,0,0.76,58.2,77.6,Normal,0.0,0.93,Stabled
CR114,2025-09-19 01:02:42,33.0,116.4,5.09,6.6,0,0.97,45.9,73.5,Normal,0.0,0.952,Stabled
CR114,2025-09-19 02:08:46,34.1,127.2,4.88,8.5,0,0.99,52.0,74.9,Normal,0.0,0.938,Stabled
CR114,2025-09-19 03:28:56,33.5,112.2,5.54,11.8,0,0.78,57.6,77.9,Normal,0.0,0.901,Stabled
CR114,2025-09-19 04:03:50,36.4,134.4,5.03,9.1,0,0.64,53.9,72.0,Normal,0.0,0.882,Stabled
CR114,2025-09-19 05:01:12,33.7,115.8,5.37,8.1,0,0.83,47.7,76.2,Normal,0.0,0.807,Stabled
CR114,2025-09-19 06:22:33,55.9,207.1,5.03,17.3,159,2.3,80.9,75.1,Normal,65.0,0.88,Service
CR114,2025-09-19 07:11:46,55.3,200.1,5.42,22.1,245,2.2,69.0,77.3,Normal,69.0,0.974,Service
CR114,2025-09-19 08:33:57,56.3,196.8,4.82,18.9,263,2.57,72.8,75.5,Normal,29.0,0.867,Service
CR114,2025-09-19 09:07:59,64.5,206.9,5.55,17.9,175,2.02,84.4,72.3,Normal,73.0,0.892,Service
CR114,2025-09-19 10:55:42,44.9,171.9,4.94,17.7,208,2.0,59.1,78.0,Normal,28.0,0.921,Service
CR114,2025-09-19 11:20:24,57.1,182.1,4.84,18.6,163,2.2,78.3,74.1,Normal,41.0,0.971,Service
CR114,2025-09-19 12:43:59,51.8,161.7,5.17,18.0,181,2.26,71.7,74.8,Normal,36.0,0.825,Service
CR114,2025-09-19 13:17:52,51.1,173.7,5.06,17.3,157,1.98,70.6,76.7,Normal,29.0,0.975,Service
CR114,2025-09-19 14:46:58,57.6,167.9,5.16,13.4,232,2.27,74.3,72.8,Normal,30.0,0.864,Service
CR114,2025-09-19 15:59:17,51.0,160.8,5.49,18.9,259,1.93,65.4,76.7,Normal,51.0,0.833,Service
CR114,2025-09-19 16:32:23,51.6,150.5,4.73,12.7,254,2.48,72.4,77.2,Normal,53.0,0.81,Service
CR114,2025-09-19 17:29:10,54.6,182.6,4.85,20.5,243,2.24,70.0,76.8,Normal,42.0,0.818,Service
CR114,2025-09-19 18:27:51,63.1,194.6,5.36,20.0,205,2.1,82.6,72.2,Normal,46.0,0.956,Service
CR114,2025-09-19 19:02:02,58.3,203.2,5.11,21.5,182,2.12,74.1,75.4,Normal,56.0,0.885,Service
CR114,2025-09-19 20:50:22,58.3,204.2,5.55,19.9,200,2.2,77.6,77.6,High_Load,75.0,0.921,Service
CR114,2025-09-19 21:14:08,45.6,163.2,4.68,13.3,270,2.32,65.2,73.5,Normal,50.0,0.884,Service
CR114,2025-09-19 22:05:31,49.8,159.9,5.56,16.8,180,1.79,62.9,74.8,Normal,53.0,0.842,Service
CR114,2025-09-19 23:09:53,48.8,162.4,5.23,14.2,203,2.0,73.1,72.8,Normal,40.0,0.972,Service
CR115,2025-09-19 00:37:16,41.5,133.2,4.71,10.6,0,0.71,54.3,73.9,Normal,0.0,0.812,Stabled
CR115,2025-09-19 01:15:01,39.4,115.4,5.6,9.8,0,1.17,54.4,72.4,Normal,0.0,0.976,Stabled
CR115,2025-09-19 02:02:57,42.4,122.0,4.61,11.4,0,1.04,54.3,77.3,Normal,0.0,0.841,Stabled
CR115,2025-09-19 03:58:13,35.1,111.0,4.8,11.0,0,0.83,47.3,75.8,Normal,0.0,0.868,Stabled
CR115,2025-09-19 04:54:24,41.2,130.2,5.25,9.3,0,1.06,63.3,74.8,Normal,0.0,0.926,Stabled
CR115,2025-09-19 05:22:58,33.5,112.5,4.7,8.1,0,0.77,49.0,74.8,Normal,0.0,0.895,Stabled
CR115,2025-09-19 06:30:10,54.1,196.1,5.08,20.7,208,2.16,69.5,76.3,Normal,61.0,0.947,Service
CR115,2025-09-19 07:13:35,61.6,187.4,4.71,21.1,218,2.66,84.6,74.6,Normal,80.0,0.881,Service
CR115,2025-09-19 08:59:11,59.1,202.1,5.01,19.9,258,2.35,70.9,72.7,High_Load,38.0,0.861,Service
CR115,2025-09-19 09:26:19,61.3,193.9,4.51,18.6,242,2.56,77.4,76.9,Normal,54.0,0.86,Service
CR115,2025-09-19 10:43:30,52.6,178.2,4.57,17.7,216,2.27,69.0,75.3,Normal,42.0,0.943,Service
CR115,2025-09-19 11:59:23,48.0,154.1,5.57,16.4,150,1.94,70.7,74.6,Normal,62.0,0.953,Service
CR115,2025-09-19 12:21:41,55.6,171.6,5.49,14.3,214,2.49,77.1,75.7,Normal,40.0,0.893,Service
CR115,2025-09-19 13:37:52,49.8,165.7,4.93,20.3,258,2.1,63.1,77.5,Normal,61.0,0.831,Service
CR115,2025-09-19 14:45:42,49.1,167.9,5.38,13.0,155,2.01,72.6,75.7,Normal,41.0,0.873,Service
CR115,2025-09-19 15:50:11,45.6,156.4,5.39,14.5,270,1.89,58.5,76.7,Normal,31.0,0.823,Service
CR115,2025-09-19 16:32:31,42.7,152.6,5.31,16.9,181,1.71,56.5,73.0,Normal,52.0,0.917,Service
CR115,2025-09-19 17:43:10,56.3,204.3,5.36,17.8,274,2.53,80.3,77.8,High_Load,77.0,0.824,Service
CR115,2025-09-19 18:08:09,56.6,188.0,4.78,20.3,222,2.06,73.4,77.5,High_Load,36.0,0.907,Service
CR115,2025-09-19 19:49:55,62.8,186.1,5.25,21.3,165,2.27,79.1,74.9,Normal,24.0,0.857,Service
CR115,2025-09-19 20:56:21,59.1,202.5,5.27,20.1,188,2.49,73.7,77.6,Normal,54.0,0.867,Service
CR115,2025-09-19 21:14:50,51.0,156.9,4.67,13.3,262,2.06,61.2,73.3,Normal,54.0,0.861,Service
CR115,2025-09-19 22:20:20,41.3,154.9,4.63,11.7,218,2.16,65.4,73.8,Normal,19.0,0.92,Service
CR115,2025-09-19 23:42:45,50.7,163.1,4.56,17.9,226,1.88,70.9,77.0,Normal,54.0,0.813,Service
CR116,2025-09-19 00:28:14,36.1,124.7,5.18,6.0,0,0.65,48.2,75.2,Normal,0.0,0.977,Stabled
CR116,2025-09-19 01:12:11,37.5,123.3,5.51,10.9,0,1.06,55.0,74.6,Normal,0.0,0.847,Stabled
CR116,2025-09-19 02:53:24,32.3,125.3,5.27,9.2,0,1.16,52.7,72.9,Normal,0.0,0.832,Stabled
CR116,2025-09-19 03:33:44,33.0,118.3,4.83,8.9,0,0.98,48.1,76.6,Normal,0.0,0.926,Stabled
CR116,2025-09-19 04:43:22,37.5,116.4,4.87,11.5,0,0.81,55.2,73.0,Normal,0.0,0.931,Stabled
CR116,2025-09-19 05:36:28,35.6,126.1,5.17,8.5,0,1.13,46.5,74.5,Normal,0.0,0.97,Stabled
CR116,2025-09-19 06:23:14,61.0,195.8,4.88,16.3,186,2.52,76.1,72.9,Normal,31.0,0.807,Service
CR116,2025-09-19 07:08:27,59.6,204.6,4.99,16.8,233,2.28,84.5,77.4,Normal,25.0,0.837,Service
CR116,2025-09-19 08:40:24,52.2,193.4,5.54,18.3,217,2.47,70.3,77.3,Normal,72.0,0.957,Service
CR116,2025-09-19 09:57:43,58.6,191.2,5.23,16.8,270,2.18,77.3,76.6,Normal,64.0,0.894,Service
CR116,2025-09-19 10:31:23,50.3,176.4,5.57,13.4,240,2.32,68.3,76.4,Normal,21.0,0.807,Service
CR116,2025-09-19 11:05:41,54.2,158.3,5.59,14.4,192,2.01,66.1,76.9,Normal,67.0,0.951,Service
CR116,2025-09-19 12:58:58,56.0,162.8,4.58,19.0,258,1.89,69.5,74.6,Normal,29.0,0.809,Service
CR116,2025-09-19 13:30:13,57.3,178.0,4.72,18.0,214,1.85,77.2,74.4,Normal,61.0,0.955,Service
CR116,2025-09-19 14:21:04,49.7,146.5,5.22,12.8,196,2.33,68.2,76.4,Normal,62.0,0.899,Service
CR116,2025-09-19 15:29:58,51.6,163.0,4.6,17.4,168,2.21,62.5,76.1,Normal,30.0,0.962,Service
CR116,2025-09-19 16:57:55,52.3,168.9,5.13,13.4,160,1.97,72.3,76.8,Normal,24.0,0.939,Service
CR116,2025-09-19 17:00:14,65.3,202.7,5.19,21.6,256,2.06,90.2,76.8,Normal,78.0,0.968,Service
CR116,2025-09-19 18:37:08,59.7,190.4,4.76,21.2,175,2.41,83.5,73.4,Normal,66.0,0.939,Service
CR116,2025-09-19 19:16:45,62.7,204.5,5.08,22.3,271,2.41,73.0,72.6,Normal,25.0,0.824,Service
CR116,2025-09-19 20:03:03,53.2,197.3,4.51,21.0,176,2.46,77.0,72.3,Normal,60.0,0.871,Service
CR116,2025-09-19 21:27:32,55.5,160.7,4.84,15.7,205,2.25,66.6,74.4,Normal,42.0,0.948,Service
CR116,2025-09-19 22:10:58,47.9,143.9,4.9,11.7,188,1.67,65.4,73.2,Normal,17.0,0.908,Service
CR116,2025-09-19 23:23:53,42.3,149.4,5.27,15.2,230,1.89,60.7,77.1,Normal,50.0,0.883,Service
CR117,2025-09-19 00:52:37,40.9,129.1,5.5,9.2,0,0.84,59.5,75.2,Normal,0.0,0.881,Stabled
CR117,2025-09-19 01:25:12,32.1,111.6,4.76,8.7,0,1.14,48.7,73.1,Normal,0.0,0.851,Stabled
CR117,2025-09-19 02:12:12,35.6,117.3,5.4,11.3,0,0.86,60.1,73.2,Normal,0.0,0.923,Stabled
CR117,2025-09-19 03:07:16,37.2,124.5,4.66,11.1,0,0.88,56.5,73.2,Normal,0.0,0.857,Stabled
CR117,2025-09-19 04:03:18,35.7,115.8,4.64,8.5,0,0.69,52.6,77.5,Normal,0.0,0.862,Stabled
CR117,2025-09-19 05:48:25,32.6,126.1,4.94,10.5,0,0.63,42.7,76.7,Normal,0.0,0.952,Stabled
CR117,2025-09-19 06:37:26,58.2,193.7,5.55,18.5,247,2.21,83.1,77.5,Normal,72.0,0.959,Service
CR117,2025-09-19 07:03:14,62.7,194.8,5.12,21.0,192,2.15,85.6,73.2,Normal,70.0,0.918,Service
CR117,2025-09-19 08:11:43,64.0,190.9,4.81,17.6,240,2.12,86.5,72.9,High_Load,41.0,0.846,Service
CR117,2025-09-19 09:41:02,58.4,204.0,5.46,22.1,154,2.08,73.8,73.2,Normal,43.0,0.802,Service
CR117,2025-09-19 10:19:55,57.1,179.9,4.72,18.4,187,2.41,71.1,73.6,Normal,49.0,0.871,Service
CR117,2025-09-19 11:58:55,53.8,179.3,5.13,19.3,163,2.43,70.7,72.2,Normal,33.0,0.942,Service
CR117,2025-09-19 12:41:08,45.9,173.0,5.46,13.3,267,1.88,68.7,72.3,Normal,52.0,0.93,Service
CR117,2025-09-19 13:26:16,42.7,146.1,5.39,16.6,261,1.96,56.7,76.3,Normal,26.0,0.921,Service
CR117,2025-09-19 14:08:04,47.5,181.9,5.38,14.5,177,2.14,58.8,77.2,Normal,45.0,0.856,Service
CR117,2025-09-19 15:43:07,47.0,173.3,4.76,15.0,226,2.02,67.7,74.6,Normal,56.0,0.879,Service
CR117,2025-09-19 16:54:06,57.3,179.8,4.54,19.8,181,1.96,70.1,73.1,Normal,27.0,0.946,Service
CR117,2025-09-19 17:43:25,59.9,189.9,4.61,21.1,170,2.44,71.5,76.9,High_Load,27.0,0.811,Service
CR117,2025-09-19 18:12:00,54.8,201.4,4.56,22.0,230,2.29,64.8,74.6,Normal,72.0,0.884,Service
CR117,2025-09-19 19:46:38,58.5,197.2,5.59,22.5,159,2.2,72.9,74.0,Normal,70.0,0.938,Service
CR117,2025-09-19 20:33:06,56.3,191.7,4.92,21.5,192,2.44,69.1,75.1,Normal,28.0,0.966,Service
CR117,2025-09-19 21:01:44,49.6,155.1,4.77,12.5,268,1.79,70.0,76.8,Normal,39.0,0.926,Service
CR117,2025-09-19 22:50:33,45.3,165.6,4.89,15.3,165,1.8,65.2,77.3,Normal,39.0,0.919,Service
CR117,2025-09-19 23:56:39,46.9,176.3,4.64,13.4,171,1.71,71.4,77.0,Normal,19.0,0.929,Service
CR118,2025-09-19 00:50:03,35.9,118.4,4.66,6.9,0,1.01,58.7,74.3,Normal,0.0,0.928,Stabled
CR118,2025-09-19 01:38:42,38.1,120.1,5.21,10.6,0,1.03,50.8,72.2,Normal,0.0,0.891,Stabled
CR118,2025-09-19 02:15:34,36.6,118.7,5.56,7.3,0,0.7,60.3,73.4,Normal,0.0,0.881,Stabled
CR118,2025-09-19 03:45:02,35.7,121.8,5.01,8.7,0,1.09,59.3,75.6,Normal,0.0,0.974,Stabled
CR118,2025-09-19 04:45:00,38.9,132.4,4.73,10.8,0,0.93,52.3,74.2,Normal,0.0,0.877,Stabled
CR118,2025-09-19 05:13:43,37.2,121.0,5.37,10.9,0,1.13,51.0,73.6,Normal,0.0,0.868,Stabled
CR118,2025-09-19 06:52:09,65.6,186.0,4.57,21.7,245,2.5,86.8,74.1,Normal,77.0,0.952,Service
CR118,2025-09-19 07:19:34,57.3,187.0,5.41,21.1,261,2.5,67.7,77.4,Normal,29.0,0.87,Service
CR118,2025-09-19 08:37:36,59.7,199.5,4.89,21.0,215,2.2,78.6,77.7,Normal,75.0,0.82,Service
CR118,2025-09-19 09:38:18,62.8,182.6,4.65,22.4,240,2.12,79.1,73.6,Normal,53.0,0.828,Service
CR118,2025-09-19 10:27:36,49.2,168.8,4.72,15.5,279,2.14,72.4,72.2,Normal,32.0,0.913,Service
CR118,2025-09-19 11:12:27,46.5,157.8,5.08,16.3,179,2.23,63.9,73.2,Normal,25.0,0.916,Service
CR118,2025-09-19 12:26:06,48.3,161.5,5.11,14.8,259,2.29,69.1,76.6,Normal,21.0,0.951,Service
CR118,2025-09-19 13:03:02,52.1,168.4,5.0,18.5,214,2.18,69.8,75.2,Normal,53.0,0.85,Service
CR118,2025-09-19 14:26:50,44.8,162.8,4.79,11.8,188,2.05,64.0,72.4,Normal,55.0,0.961,Service
CR118,2025-09-19 15:17:05,53.5,159.9,5.26,17.0,246,2.29,64.9,75.0,Normal,57.0,0.844,Service
CR118,2025-09-19 16:53:59,53.2,166.5,5.31,15.8,280,2.0,74.7,78.0,Normal,46.0,0.973,Service
CR118,2025-09-19 17:07:14,65.3,200.2,4.76,19.3,156,2.56,89.0,73.8,High_Load,66.0,0.849,Service
CR118,2025-09-19 18:35:41,62.0,194.3,5.5,21.5,197,2.3,79.0,77.5,Normal,24.0,0.938,Service
CR118,2025-09-19 19:31:48,60.9,190.9,4.89,19.1,252,2.32,72.2,75.5,Normal,38.0,0.927,Service
CR118,2025-09-19 20:02:49,60.8,194.1,5.02,22.1,266,2.23,80.7,76.4,Normal,31.0,0.946,Service
CR118,2025-09-19 21:45:34,49.7,160.3,5.27,16.6,166,2.02,69.1,72.5,Normal,19.0,0.833,Service
CR118,2025-09-19 22:30:59,43.3,160.5,5.35,12.8,167,1.78,56.3,77.4,Normal,21.0,0.973,Service
CR118,2025-09-19 23:16:25,45.4,152.1,5.03,12.7,241,2.25,61.0,74.1,Normal,34.0,0.812,Service
CR119,2025-09-19 00:05:42,35.0,112.9,4.8,7.8,0,0.71,45.2,76.9,Normal,0.0,0.854,Stabled
CR119,2025-09-19 01:16:03,39.9,111.2,5.04,6.5,0,1.13,64.5,75.8,Normal,0.0,0.898,Stabled
CR119,2025-09-19 02:48:15,34.9,125.7,4.55,11.8,0,0.98,51.7,77.3,Normal,0.0,0.906,Stabled
CR119,2025-09-19 03:47:00,38.4,120.2,4.91,6.9,0,1.18,60.0,76.9,Normal,0.0,0.871,Stabled
CR119,2025-09-19 04:04:59,33.3,127.5,5.49,11.8,0,0.8,53.8,74.4,Normal,0.0,0.938,Stabled
CR119,2025-09-19 05:26:31,41.9,116.0,4.56,9.9,0,1.06,55.1,75.2,Normal,0.0,0.811,Stabled
CR119,2025-09-19 06:12:17,59.3,203.4,4.8,19.5,221,2.32,80.9,75.8,Normal,41.0,0.808,Service
CR119,2025-09-19 07:32:45,56.5,202.7,4.71,18.8,202,2.43,71.5,77.0,Normal,60.0,0.886,Service
CR119,2025-09-19 08:19:41,59.7,192.8,5.54,19.6,247,2.08,72.5,74.0,Normal,58.0,0.898,Service
CR119,2025-09-19 09:55:46,61.2,192.7,4.72,21.0,253,2.24,80.0,73.7,Normal,47.0,0.845,Service
CR119,2025-09-19 10:06:56,58.7,187.2,4.68,18.0,193,2.12,69.7,74.4,Normal,24.0,0.942,Service
CR119,2025-09-19 11:54:16,49.3,173.4,5.06,14.3,227,1.95,69.4,76.4,Normal,31.0,0.928,Service
CR119,2025-09-19 12:37:06,52.0,165.1,5.36,15.7,220,1.94,71.7,74.1,Normal,43.0,0.805,Service
CR119,2025-09-19 13:40:41,60.2,177.8,5.03,16.7,257,2.0,72.6,73.1,Normal,24.0,0.871,Service
CR119,2025-09-19 14:54:17,54.2,168.6,4.76,14.8,223,2.19,74.5,76.7,Normal,54.0,0.887,Service
CR119,2025-09-19 15:58:41,51.7,174.0,4.7,12.9,255,2.26,69.7,74.3,Normal,35.0,0.869,Service
CR119,2025-09-19 16:45:58,49.6,186.7,4.81,14.6,185,2.27,60.6,75.9,Normal,30.0,0.926,Service
CR119,2025-09-19 17:38:41,55.5,204.0,4.76,21.3,185,2.32,79.2,76.5,Normal,32.0,0.969,Service
CR119,2025-09-19 18:05:00,52.9,181.9,5.4,19.8,245,2.22,72.5,75.0,Normal,61.0,0.943,Service
CR119,2025-09-19 19:13:30,58.4,188.9,5.52,18.0,164,2.24,78.1,74.8,Normal,73.0,0.827,Service
CR119,2025-09-19 20:07:17,59.9,201.5,4.74,19.2,155,2.08,72.7,74.3,High_Load,31.0,0.803,Service
CR119,2025-09-19 21:29:42,46.4,155.9,4.86,16.2,270,2.2,61.8,72.8,Normal,26.0,0.959,Service
CR119,2025-09-19 22:35:17,49.9,155.3,4.76,12.4,221,2.05,69.3,73.7,Normal,50.0,0.925,Service
CR119,2025-09-19 23:19:58,51.0,165.4,4.9,16.8,268,1.99,62.3,74.0,Normal,30.0,0.929,Service
CR120,2025-09-19 00:46:03,37.5,132.0,5.09,8.0,0,1.01,60.7,74.2,Normal,0.0,0.877,Stabled
CR120,2025-09-19 01:48:32,38.8,134.7,4.9,8.5,0,0.96,62.3,73.0,Normal,0.0,0.917,Stabled
CR120,2025-09-19 02:22:31,34.4,133.2,5.19,9.1,0,0.65,58.7,73.2,Normal,0.0,0.833,Stabled
CR120,2025-09-19 03:04:28,40.2,123.4,5.39,8.0,0,1.13,56.7,72.7,Normal,0.0,0.926,Stabled
CR120,2025-09-19 04:45:45,43.0,116.0,5.02,7.0,0,1.19,58.4,74.1,Normal,0.0,0.812,Stabled
CR120,2025-09-19 05:52:54,40.3,111.0,5.59,11.5,0,0.68,63.3,75.3,Normal,0.0,0.962,Stabled
CR120,2025-09-19 06:42:53,59.8,192.7,5.23,20.3,158,2.48,84.7,74.2,High_Load,25.0,0.88,Service
CR120,2025-09-19 07:55:36,60.0,184.7,5.39,17.7,184,2.51,74.4,73.4,Normal,44.0,0.814,Service
CR120,2025-09-19 08:09:34,57.7,185.5,4.58,22.3,234,2.5,77.3,72.3,Normal,30.0,0.82,Service
CR120,2025-09-19 09:32:47,57.6,187.7,4.59,17.8,187,2.43,78.2,76.4,Normal,71.0,0.845,Service
CR120,2025-09-19 10:28:21,53.8,166.0,5.03,14.0,251,1.8,68.5,77.8,Normal,22.0,0.871,Service
CR120,2025-09-19 11:22:12,49.7,153.0,4.85,13.7,268,1.98,67.6,72.0,Normal,40.0,0.894,Service
CR120,2025-09-19 12:38:06,49.1,161.9,4.92,15.7,220,1.92,69.7,73.6,Normal,58.0,0.849,Service
CR120,2025-09-19 13:14:26,47.2,157.0,5.35,14.5,182,1.9,64.6,75.7,Normal,26.0,0.857,Service
CR120,2025-09-19 14:18:12,53.4,160.1,5.44,15.4,230,2.15,71.8,74.1,Normal,30.0,0.928,Service
CR120,2025-09-19 15:51:23,52.8,153.6,5.27,16.6,156,2.2,69.8,76.0,Normal,26.0,0.863,Service
CR120,2025-09-19 16:27:47,47.4,152.4,4.82,11.2,211,1.9,59.9,75.9,Normal,47.0,0.843,Service
CR120,2025-09-19 17:03:24,65.0,195.6,5.06,20.2,203,2.21,80.8,74.1,Normal,41.0,0.885,Service
CR120,2025-09-19 18:28:19,62.1,182.9,5.56,16.0,270,2.36,85.0,72.3,Normal,43.0,0.964,Service
CR120,2025-09-19 19:53:01,61.0,195.3,4.96,19.4,178,2.36,84.9,73.3,Normal,74.0,0.866,Service
CR120,2025-09-19 20:49:49,59.5,209.9,5.32,23.3,222,2.12,79.6,73.2,Normal,52.0,0.842,Service
CR120,2025-09-19 21:24:54,53.6,175.6,4.64,14.0,268,2.21,76.9,74.3,Normal,23.0,0.864,Service
CR120,2025-09-19 22:04:22,54.6,159.0,5.59,12.5,240,2.25,66.6,72.3,Normal,38.0,0.891,Service
CR120,2025-09-19 23:05:31,51.2,165.4,4.98,15.8,269,1.86,71.9,77.3,Normal,31.0,0.941,Service
CR121,2025-09-19 00:38:35,39.2,123.2,4.94,11.7,0,0.66,52.1,74.7,Normal,0.0,0.835,Stabled
CR121,2025-09-19 01:11:45,34.7,125.4,4.9,9.0,0,1.0,49.2,77.6,Normal,0.0,0.833,Stabled
CR121,2025-09-19 02:51:32,33.8,117.2,5.55,10.0,0,1.1,57.1,75.6,Normal,0.0,0.964,Stabled
CR121,2025-09-19 03:38:25,33.6,134.0,4.87,9.6,0,1.01,57.6,76.1,Normal,0.0,0.817,Stabled
CR121,2025-09-19 04:52:44,37.6,133.3,4.53,6.6,0,1.17,56.7,74.7,Normal,0.0,0.881,Stabled
CR121,2025-09-19 05:58:59,38.4,119.3,4.85,8.1,0,1.09,62.6,77.2,Normal,0.0,0.914,Stabled
CR121,2025-09-19 06:23:11,53.4,201.5,5.3,19.7,246,2.5,70.7,76.5,Normal,63.0,0.804,Service
CR121,2025-09-19 07:02:08,59.7,180.2,5.26,19.2,151,2.59,73.6,72.8,Normal,73.0,0.898,Service
CR121,2025-09-19 08:04:15,61.3,183.0,5.33,17.7,270,2.48,81.5,77.4,Normal,34.0,0.857,Service
CR121,2025-09-19 09:58:15,58.7,189.7,4.77,21.7,203,2.58,78.0,72.7,Normal,37.0,0.844,Service
CR121,2025-09-19 10:14:39,47.0,170.9,4.77,17.0,277,1.71,70.9,72.8,Normal,31.0,0.971,Service
CR121,2025-09-19 11:32:08,55.1,184.2,4.94,14.4,264,2.22,71.5,77.2,Normal,38.0,0.886,Service
CR121,2025-09-19 12:50:14,58.8,186.0,4.61,17.7,191,2.31,71.0,74.5,Normal,23.0,0.968,Service
CR121,2025-09-19 13:02:21,48.7,175.2,4.87,14.9,267,1.96,66.5,73.7,Normal,37.0,0.953,Service
CR121,2025-09-19 14:54:00,53.6,170.0,5.14,16.4,206,2.23,75.7,73.5,Normal,28.0,0.975,Service
CR121,2025-09-19 15:10:47,50.2,179.2,4.72,19.1,249,2.08,67.3,76.2,Normal,58.0,0.979,Service
CR121,2025-09-19 16:56:50,51.3,173.2,5.52,15.4,248,2.23,63.4,77.3,Normal,36.0,0.867,Service
CR121,2025-09-19 17:38:05,62.3,185.8,4.72,18.4,150,2.5,81.5,75.4,Normal,30.0,0.953,Service
CR121,2025-09-19 18:34:27,55.9,190.6,5.37,20.8,180,2.55,68.2,74.1,Normal,64.0,0.833,Service
CR121,2025-09-19 19:29:40,60.3,186.0,5.54,16.7,163,2.57,76.8,75.5,Normal,57.0,0.821,Service
CR121,2025-09-19 20:42:30,61.6,202.7,4.55,20.0,251,2.59,82.9,76.6,Normal,62.0,0.902,Service
CR121,2025-09-19 21:05:21,49.7,154.4,4.55,14.5,221,1.56,69.2,76.6,Normal,26.0,0.892,Service
CR121,2025-09-19 22:59:52,49.6,145.6,4.84,14.6,239,2.04,66.9,74.7,Normal,50.0,0.802,Service
CR121,2025-09-19 23:50:53,49.7,156.6,4.71,16.9,205,2.03,61.8,74.0,Normal,26.0,0.806,Service
CR122,2025-09-19 00:54:17,42.0,112.6,5.39,9.8,0,0.77,62.2,76.8,Normal,0.0,0.911,Stabled
CR122,2025-09-19 01:28:25,40.0,124.2,5.28,7.8,0,0.89,51.3,72.7,Normal,0.0,0.878,Stabled
CR122,2025-09-19 02:18:45,37.8,129.4,5.03,10.1,0,0.84,62.7,73.5,Normal,0.0,0.812,Stabled
CR122,2025-09-19 03:16:51,32.3,110.4,5.49,11.2,0,0.83,42.5,75.1,Normal,0.0,0.903,Stabled
CR122,2025-09-19 04:29:13,35.4,122.1,4.71,11.5,0,1.19,56.0,77.5,Normal,0.0,0.826,Stabled
CR122,2025-09-19 05:03:16,36.5,117.7,5.54,9.4,0,1.15,56.6,76.7,Normal,0.0,0.952,Stabled
CR122,2025-09-19 06:19:17,57.9,200.0,5.43,20.2,175,2.08,74.7,72.3,Normal,68.0,0.829,Service
CR122,2025-09-19 07:07:26,56.2,178.4,4.67,19.7,265,2.39,72.7,73.7,Normal,63.0,0.828,Service
CR122,2025-09-19 08:16:18,58.1,188.3,4.93,18.1,226,2.17,80.6,73.8,Normal,59.0,0.895,Service
CR122,2025-09-19 09:42:05,61.7,202.6,5.5,20.9,202,2.14,81.2,73.4,High_Load,37.0,0.866,Service
CR122,2025-09-19 10:25:29,45.6,171.0,5.26,14.3,271,2.16,67.4,74.2,Normal,30.0,0.856,Service
CR122,2025-09-19 11:41:27,52.8,163.7,5.11,18.2,260,2.13,64.5,76.3,Normal,68.0,0.95,Service
CR122,2025-09-19 12:38:11,50.9,155.6,4.76,13.5,171,1.95,64.6,76.8,Normal,61.0,0.807,Service
CR122,2025-09-19 13:06:46,47.8,152.9,5.15,12.2,274,1.69,64.0,74.8,Normal,22.0,0.95,Service
CR122,2025-09-19 14:59:10,50.7,147.9,5.01,15.7,262,1.74,65.4,74.5,Normal,20.0,0.824,Service
CR122,2025-09-19 15:27:51,55.6,165.8,4.71,14.9,228,2.16,78.7,74.0,Normal,23.0,0.848,Service
CR122,2025-09-19 16:29:01,49.5,170.9,4.86,18.2,161,1.69,71.8,76.0,Normal,28.0,0.87,Service
CR122,2025-09-19 17:41:15,63.6,189.7,4.63,20.3,272,2.2,79.6,73.4,Normal,73.0,0.922,Service
CR122,2025-09-19 18:58:27,62.2,182.4,5.3,19.8,273,2.12,84.1,73.9,Normal,33.0,0.862,Service
CR122,2025-09-19 19:07:30,64.4,184.1,4.67,19.1,208,2.37,87.3,76.7,High_Load,24.0,0.855,Service
CR122,2025-09-19 20:09:12,65.1,186.1,5.01,20.2,161,2.15,86.0,76.0,Normal,48.0,0.931,Service
CR122,2025-09-19 21:24:04,44.9,157.3,5.12,16.7,178,1.98,60.3,74.0,Normal,42.0,0.969,Service
CR122,2025-09-19 22:31:31,43.4,140.9,4.57,14.2,170,1.81,62.9,76.0,Normal,20.0,0.892,Service
CR122,2025-09-19 23:21:18,48.6,168.5,4.62,15.3,153,1.77,68.0,76.1,Normal,22.0,0.838,Service
CR123,2025-09-19 00:02:29,35.4,127.7,5.32,8.4,0,1.07,50.0,77.0,Normal,0.0,0.854,Stabled
CR123,2025-09-19 01:12:29,36.3,116.6,5.11,11.1,0,0.97,60.7,72.1,Normal,0.0,0.807,Stabled
CR123,2025-09-19 02:07:10,33.1,124.9,5.48,6.1,0,0.99,44.9,77.9,Normal,0.0,0.897,Stabled
CR123,2025-09-19 03:14:32,35.0,126.5,5.28,11.5,0,1.01,50.6,75.1,Normal,0.0,0.873,Stabled
CR123,2025-09-19 04:41:11,38.7,130.5,5.58,6.4,0,0.66,62.1,74.5,Normal,0.0,0.851,Stabled
CR123,2025-09-19 05:43:47,41.3,121.0,4.72,11.0,0,1.18,57.4,74.9,Normal,0.0,0.894,Stabled
CR123,2025-09-19 06:07:49,54.5,202.8,5.6,22.4,189,2.37,76.0,73.1,Normal,65.0,0.921,Service
CR123,2025-09-19 07:06:26,59.7,198.7,5.19,20.6,208,2.27,78.9,73.7,Normal,44.0,0.934,Service
CR123,2025-09-19 08:40:10,60.3,197.9,5.23,21.6,159,2.56,76.7,75.0,Normal,72.0,0.967,Service
CR123,2025-09-19 09:51:42,57.1,205.3,5.36,18.1,193,2.44,67.3,74.3,Normal,61.0,0.878,Service
CR123,2025-09-19 10:09:13,54.3,163.6,4.69,17.3,176,2.05,66.6,77.3,Normal,34.0,0.901,Service
CR123,2025-09-19 11:39:13,55.1,153.5,5.09,13.7,180,2.07,77.1,75.6,Normal,61.0,0.86,Service
CR123,2025-09-19 12:27:06,59.1,166.1,4.55,19.1,185,2.16,74.4,77.7,Normal,63.0,0.942,Service
CR123,2025-09-19 13:55:06,51.9,161.6,5.56,14.4,274,2.5,71.4,76.9,Normal,69.0,0.942,Service
CR123,2025-09-19 14:44:56,50.4,174.6,5.36,16.7,246,2.0,68.4,75.0,Normal,24.0,0.902,Service
CR123,2025-09-19 15:21:55,43.5,154.2,5.28,12.2,254,2.3,58.7,72.0,Normal,37.0,0.95,Service
CR123,2025-09-19 16:18:20,45.8,166.9,5.29,15.7,199,1.88,60.1,72.7,Normal,33.0,0.837,Service
CR123,2025-09-19 17:48:06,55.8,188.3,5.35,19.2,180,2.46,79.1,77.7,High_Load,68.0,0.908,Service
CR123,2025-09-19 18:47:44,56.1,198.9,5.12,16.1,214,2.18,67.4,76.8,Normal,49.0,0.957,Service
CR123,2025-09-19 19:48:45,63.4,199.9,4.54,18.6,207,2.22,87.4,74.0,Normal,33.0,0.914,Service
CR123,2025-09-19 20:43:40,62.8,191.3,5.04,19.6,185,2.28,75.3,75.1,Normal,68.0,0.805,Service
CR123,2025-09-19 21:13:06,43.2,147.4,5.34,15.6,205,1.98,65.2,76.0,Normal,48.0,0.933,Service
CR123,2025-09-19 22:35:05,47.8,163.2,4.54,14.8,160,2.31,63.4,77.8,Normal,53.0,0.881,Service
CR123,2025-09-19 23:30:43,46.6,174.0,5.17,13.4,238,2.0,66.6,73.2,Normal,51.0,0.969,Service
CR124,2025-09-19 00:02:19,39.5,113.5,5.37,10.6,0,0.91,52.0,75.9,Normal,0.0,0.936,Stabled
CR124,2025-09-19 01:07:48,39.5,119.7,4.8,9.9,0,0.9,58.1,73.9,Normal,0.0,0.971,Stabled
CR124,2025-09-19 02:56:29,32.6,122.9,4.61,7.8,0,0.85,56.8,72.9,Normal,0.0,0.854,Stabled
CR124,2025-09-19 03:18:57,36.5,133.7,5.33,10.8,0,0.76,59.8,76.9,Normal,0.0,0.883,Stabled
CR124,2025-09-19 04:11:47,43.0,111.9,5.46,9.9,0,1.18,60.8,73.7,Normal,0.0,0.901,Stabled
CR124,2025-09-19 05:19:50,32.2,116.3,5.28,8.9,0,0.65,47.5,73.3,Normal,0.0,0.944,Stabled
CR124,2025-09-19 06:31:26,56.9,181.8,5.54,20.7,232,2.5,76.3,77.4,Normal,69.0,0.965,Service
CR124,2025-09-19 07:46:25,56.9,192.1,5.29,19.8,161,2.34,71.5,77.9,Normal,59.0,0.944,Service
CR124,2025-09-19 08:18:57,56.6,198.9,4.92,20.5,204,2.12,74.9,75.3,Normal,71.0,0.968,Service
CR124,2025-09-19 09:51:28,60.4,201.5,5.37,19.8,188,2.16,71.4,74.7,Normal,41.0,0.952,Service
CR124,2025-09-19 10:25:16,45.2,163.5,4.82,16.0,174,1.78,59.0,73.1,Normal,56.0,0.817,Service
CR124,2025-09-19 11:39:02,52.0,163.9,5.47,15.8,212,2.1,70.9,76.9,Normal,22.0,0.834,Service
CR124,2025-09-19 12:17:45,51.2,151.5,5.5,12.4,192,2.01,66.1,77.2,Normal,59.0,0.918,Service
CR124,2025-09-19 13:36:30,46.2,164.7,4.6,13.9,193,1.94,64.8,74.1,Normal,38.0,0.932,Service
CR124,2025-09-19 14:50:22,50.6,162.5,5.53,17.3,201,2.42,64.9,72.4,Normal,32.0,0.922,Service
CR124,2025-09-19 15:23:40,47.8,166.1,4.65,13.8,150,1.88,62.5,76.5,Normal,55.0,0.924,Service
CR124,2025-09-19 16:39:33,51.8,154.1,5.54,13.4,200,1.68,73.6,74.4,Normal,33.0,0.81,Service
CR124,2025-09-19 17:29:50,65.7,201.3,4.91,20.6,152,2.26,85.6,74.3,Normal,66.0,0.883,Service
CR124,2025-09-19 18:13:57,61.1,194.0,4.64,20.5,197,2.35,82.8,75.4,Normal,44.0,0.954,Service
CR124,2025-09-19 19:07:39,58.5,185.9,5.43,19.1,174,2.54,70.3,75.5,Normal,39.0,0.968,Service
CR124,2025-09-19 20:30:56,55.7,184.7,5.1,19.1,214,2.65,78.5,72.2,Normal,62.0,0.922,Service
CR124,2025-09-19 21:46:29,49.1,156.9,5.54,17.0,164,2.07,66.1,76.1,Normal,62.0,0.975,Service
CR124,2025-09-19 22:04:40,42.4,152.2,4.87,15.3,248,2.09,61.9,73.6,Normal,48.0,0.854,Service
CR124,2025-09-19 23:18:09,50.7,144.5,5.31,10.9,179,2.07,73.8,77.1,Normal,19.0,0.941,Service
CR125,2025-09-19 00:17:12,39.9,122.5,5.55,7.9,0,0.99,55.7,72.5,Normal,0.0,0.911,Stabled
CR125,2025-09-19 01:53:42,40.3,135.0,4.55,9.5,0,1.08,54.3,77.1,Normal,0.0,0.949,Stabled
CR125,2025-09-19 02:03:57,40.4,133.7,4.9,7.4,0,0.72,63.1,75.9,Normal,0.0,0.978,Stabled
CR125,2025-09-19 03:11:51,39.9,120.5,5.44,11.8,0,1.0,60.2,73.4,Normal,0.0,0.914,Stabled
CR125,2025-09-19 04:40:03,33.3,128.6,4.71,11.0,0,0.91,50.5,77.0,Normal,0.0,0.817,Stabled
CR125,2025-09-19 05:27:36,36.0,123.8,5.36,8.1,0,1.06,46.4,76.0,Normal,0.0,0.855,Stabled
CR125,2025-09-19 06:07:50,62.0,189.6,4.74,20.6,250,2.41,72.2,75.2,Normal,42.0,0.808,Service
CR125,2025-09-19 07:31:43,57.5,207.8,5.32,20.3,233,2.18,70.3,73.4,High_Load,63.0,0.913,Service
CR125,2025-09-19 08:52:50,63.8,187.9,4.66,21.7,209,2.29,81.8,72.6,Normal,47.0,0.81,Service
CR125,2025-09-19 09:30:30,64.0,190.3,5.13,20.7,201,2.53,77.2,77.6,Normal,57.0,0.897,Service
CR125,2025-09-19 10:37:44,54.7,165.5,4.56,15.2,175,1.73,74.7,74.6,Normal,31.0,0.938,Service
CR125,2025-09-19 11:41:37,51.8,164.6,4.86,16.5,250,2.19,68.5,74.4,Normal,28.0,0.955,Service
CR125,2025-09-19 12:17:15,49.6,167.1,4.77,12.3,185,2.12,72.3,73.7,Normal,23.0,0.979,Service
CR125,2025-09-19 13:24:08,54.3,166.5,4.89,18.4,216,2.19,75.7,73.4,Normal,22.0,0.875,Service
CR125,2025-09-19 14:00:46,53.5,165.8,5.38,16.1,185,2.32,78.2,75.3,Normal,29.0,0.942,Service
CR125,2025-09-19 15:05:06,42.5,155.7,4.77,16.3,209,2.07,65.5,77.4,Normal,37.0,0.825,Service
CR125,2025-09-19 16:28:02,56.9,168.8,5.29,14.9,239,2.09,75.9,74.5,Normal,47.0,0.886,Service
CR125,2025-09-19 17:46:07,63.0,197.3,4.58,19.7,182,2.15,80.0,76.7,Normal,41.0,0.96,Service
CR125,2025-09-19 18:28:13,53.5,194.4,4.92,18.3,206,2.18,69.9,73.6,Normal,35.0,0.926,Service
CR125,2025-09-19 19:21:45,56.2,181.7,4.63,16.8,188,2.54,75.3,76.4,Normal,27.0,0.823,Service
CR125,2025-09-19 20:55:04,56.4,197.9,5.49,21.0,159,2.56,69.7,75.8,High_Load,66.0,0.965,Service
CR125,2025-09-19 21:01:29,47.7,156.4,4.86,16.5,156,1.78,67.4,74.1,Normal,25.0,0.892,Service
CR125,2025-09-19 22:27:21,44.0,151.1,5.21,14.4,156,1.73,64.0,73.3,Normal,50.0,0.871,Service
CR125,2025-09-19 23:10:09,46.3,159.3,5.13,11.6,239,1.71,67.6,77.3,Normal,32.0,0.89,Service
